epoch,lr-AdamW,step,train_loss,val_loss,val_tc_mae_K
,0.001,0,,,
0,,9,2.9996304512023926,,
0,,19,3.9217958450317383,,
0,,29,2.4507410526275635,,
0,,39,2.0006508827209473,,
0,,49,1.1366002559661865,,
0,,59,2.0147480964660645,,
0,,69,2.509697437286377,,
0,,79,2.310887336730957,,
0,,89,3.13846755027771,,
0,,99,1.4248220920562744,,
0,,109,1.3377666473388672,,
0,,119,1.5364645719528198,,
0,,129,1.6883925199508667,,
0,,139,1.5200214385986328,,
0,,144,,1.3310272693634033,8.75682544708252
,0.0009999383162408303,145,,,
1,,149,1.1782410144805908,,
1,,159,1.3033207654953003,,
1,,169,1.3874781131744385,,
1,,179,1.3682348728179932,,
1,,189,1.475649118423462,,
1,,199,1.4875915050506592,,
1,,209,0.7699012756347656,,
1,,219,1.3127154111862183,,
1,,229,1.1595432758331299,,
1,,239,0.9709805250167847,,
1,,249,1.3117364645004272,,
1,,259,0.9570764303207397,,
1,,269,0.8443189859390259,,
1,,279,1.6734493970870972,,
1,,289,1.2625622749328613,,
1,,289,,1.057790994644165,6.972872257232666
,0.0009997532801828658,290,,,
2,,299,0.8401920199394226,,
2,,309,0.8167192935943604,,
2,,319,0.8748189210891724,,
2,,329,0.9969034194946289,,
2,,339,1.3879358768463135,,
2,,349,0.77360999584198,,
2,,359,0.6658987998962402,,
2,,369,0.5945764780044556,,
2,,379,1.0435749292373657,,
2,,389,1.1386440992355347,,
2,,399,0.838829755783081,,
2,,409,0.6561410427093506,,
2,,419,1.006328821182251,,
2,,429,0.4912876486778259,,
2,,434,,0.9741007685661316,7.147828578948975
,0.0009994449374809851,435,,,
3,,439,1.1529631614685059,,
3,,449,0.988348662853241,,
3,,459,1.3031665086746216,,
3,,469,1.4547119140625,,
3,,479,1.2898070812225342,,
3,,489,1.6073302030563354,,
3,,499,0.47266530990600586,,
3,,509,0.9461974501609802,,
3,,519,1.4719065427780151,,
3,,529,0.6930687427520752,,
3,,539,1.1766407489776611,,
3,,549,0.7799957990646362,,
3,,559,1.151257038116455,,
3,,569,0.7079323530197144,,
3,,579,0.27471616864204407,,
3,,579,,0.9330210089683533,7.264793395996094
,0.0009990133642141358,580,,,
4,,589,0.8634527921676636,,
4,,599,0.7235246896743774,,
4,,609,1.2034941911697388,,
4,,619,0.5680748224258423,,
4,,629,0.43124645948410034,,
4,,639,0.6884416341781616,,
4,,649,0.5120507478713989,,
4,,659,0.8982048630714417,,
4,,669,1.2479922771453857,,
4,,679,1.2008086442947388,,
4,,689,0.8402871489524841,,
4,,699,0.7130321860313416,,
4,,709,1.1175215244293213,,
4,,719,1.6540120840072632,,
4,,724,,0.8197234869003296,5.940727233886719
,0.000998458666866564,725,,,
5,,729,1.3251451253890991,,
5,,739,0.9088280200958252,,
5,,749,0.7153310179710388,,
5,,759,0.9084237217903137,,
5,,769,0.9127553701400757,,
5,,779,0.7700618505477905,,
5,,789,0.8706953525543213,,
5,,799,0.7839711308479309,,
5,,809,0.6941215991973877,,
5,,819,0.7787766456604004,,
5,,829,1.5968587398529053,,
5,,839,0.5755172967910767,,
5,,849,0.8700442910194397,,
5,,859,0.4086652994155884,,
5,,869,0.5875706076622009,,
5,,869,,0.8441339731216431,5.396572589874268
,0.00099778098230154,870,,,
6,,879,0.6542754173278809,,
6,,889,0.5751649141311646,,
6,,899,0.6708910465240479,,
6,,909,0.8831747770309448,,
6,,919,0.3228280246257782,,
6,,929,0.7182785272598267,,
6,,939,1.1639423370361328,,
6,,949,1.202549695968628,,
6,,959,0.9499074220657349,,
6,,969,0.3905338943004608,,
6,,979,0.5809509754180908,,
6,,989,0.686565637588501,,
6,,999,0.6666627526283264,,
6,,1009,0.8716329336166382,,
6,,1014,,0.7518487572669983,5.290835380554199
,0.0009969804777275899,1015,,,
7,,1019,0.8105810284614563,,
7,,1029,0.9233267307281494,,
7,,1039,0.5657792687416077,,
7,,1049,0.3088679611682892,,
7,,1059,1.1291236877441406,,
7,,1069,0.4538058638572693,,
7,,1079,0.6159965395927429,,
7,,1089,0.4608003497123718,,
7,,1099,0.8876395225524902,,
7,,1109,0.7129138112068176,,
7,,1119,0.7235486507415771,,
7,,1129,0.28551316261291504,,
7,,1139,0.5904133319854736,,
7,,1149,0.7106472253799438,,
7,,1159,0.5849633812904358,,
7,,1159,,0.6963902711868286,5.788529396057129
,0.000996057350657239,1160,,,
8,,1169,0.6019402742385864,,
8,,1179,0.7669107913970947,,
8,,1189,0.7335281372070312,,
8,,1199,0.4446428418159485,,
8,,1209,0.5015731453895569,,
8,,1219,0.5449541807174683,,
8,,1229,0.6954965591430664,,
8,,1239,0.9636859893798828,,
8,,1249,1.3543293476104736,,
8,,1259,0.6725996136665344,,
8,,1269,0.9399847388267517,,
8,,1279,0.6536256074905396,,
8,,1289,0.8080650568008423,,
8,,1299,0.7070732116699219,,
8,,1304,,0.7058917880058289,6.0115437507629395
,0.0009950118288582787,1305,,,
9,,1309,0.6936607956886292,,
9,,1319,0.8046503067016602,,
9,,1329,0.54217529296875,,
9,,1339,0.6595859527587891,,
9,,1349,0.5246501564979553,,
9,,1359,0.5770097970962524,,
9,,1369,0.8106153607368469,,
9,,1379,0.4962868094444275,,
9,,1389,0.6366620659828186,,
9,,1399,1.0737162828445435,,
9,,1409,0.6444487571716309,,
9,,1419,0.48977044224739075,,
9,,1429,0.8904478549957275,,
9,,1439,0.7018904685974121,,
9,,1449,0.22459836304187775,,
9,,1449,,0.6627379059791565,4.771460056304932
,0.0009938441702975688,1450,,,
10,,1459,0.6066750288009644,,
10,,1469,0.4818074107170105,,
10,,1479,0.37651321291923523,,
10,,1489,0.5581856369972229,,
10,,1499,0.6132451891899109,,
10,,1509,0.695915162563324,,
10,,1519,0.56409752368927,,
10,,1529,0.32479608058929443,,
10,,1539,0.9081779718399048,,
10,,1549,0.5765670537948608,,
10,,1559,1.3100080490112305,,
10,,1569,0.6637163758277893,,
10,,1579,0.6632047891616821,,
10,,1589,0.8242014050483704,,
10,,1594,,0.6451629996299744,5.712207794189453
,0.000992554663077387,1595,,,
11,,1599,0.5508044958114624,,
11,,1609,0.5529277324676514,,
11,,1619,0.7877669930458069,,
11,,1629,1.091738224029541,,
11,,1639,0.42281314730644226,,
11,,1649,0.8209836483001709,,
11,,1659,0.43738287687301636,,
11,,1669,0.25877755880355835,,
11,,1679,0.4338705539703369,,
11,,1689,0.486405611038208,,
11,,1699,1.0461997985839844,,
11,,1709,0.3763110935688019,,
11,,1719,0.4091493785381317,,
11,,1729,0.3927115201950073,,
11,,1739,0.5055405497550964,,
11,,1739,,0.6388170719146729,4.94081449508667
,0.0009911436253643444,1740,,,
12,,1749,0.411975622177124,,
12,,1759,0.8409373760223389,,
12,,1769,0.49251019954681396,,
12,,1779,0.3266637325286865,,
12,,1789,0.5448583364486694,,
12,,1799,0.5501015186309814,,
12,,1809,0.6499832272529602,,
12,,1819,0.7687739133834839,,
12,,1829,0.661953866481781,,
12,,1839,0.33773958683013916,,
12,,1849,0.33439725637435913,,
12,,1859,0.6556576490402222,,
12,,1869,0.49223414063453674,,
12,,1879,0.7305134534835815,,
12,,1884,,0.6087474822998047,4.633853435516357
,0.0009896114053108828,1885,,,
13,,1889,0.3990710973739624,,
13,,1899,0.378753662109375,,
13,,1909,0.42632609605789185,,
13,,1919,1.505041480064392,,
13,,1929,0.4179811477661133,,
13,,1939,0.4133501946926117,,
13,,1949,0.5940609574317932,,
13,,1959,0.5748806595802307,,
13,,1969,0.6906566619873047,,
13,,1979,1.8292458057403564,,
13,,1989,0.25708603858947754,,
13,,1999,0.5505473613739014,,
13,,2009,0.7655279636383057,,
13,,2019,1.5285249948501587,,
13,,2029,0.14382731914520264,,
13,,2029,,0.6073312759399414,4.694606781005859
,0.0009879583809693736,2030,,,
14,,2039,0.2378406822681427,,
14,,2049,0.523047149181366,,
14,,2059,1.4262032508850098,,
14,,2069,0.6270229816436768,,
14,,2079,0.3462330102920532,,
14,,2089,1.1800134181976318,,
14,,2099,0.5966832637786865,,
14,,2109,0.5884296894073486,,
14,,2119,0.7512317895889282,,
14,,2129,0.5891925692558289,,
14,,2139,0.3044635057449341,,
14,,2149,0.4588334858417511,,
14,,2159,0.5313383936882019,,
14,,2169,0.8112009763717651,,
14,,2174,,0.5839861631393433,4.437368869781494
,0.0009861849601988382,2175,,,
15,,2179,0.3269124925136566,,
15,,2189,0.3066662549972534,,
15,,2199,1.1066288948059082,,
15,,2209,1.3278958797454834,,
15,,2219,0.507264256477356,,
15,,2229,0.6340281963348389,,
15,,2239,0.3629576563835144,,
15,,2249,0.4590332508087158,,
15,,2259,0.5795928239822388,,
15,,2269,1.3440569639205933,,
15,,2279,0.6075416803359985,,
15,,2289,0.2460862100124359,,
15,,2299,0.4375878572463989,,
15,,2309,0.5831500291824341,,
15,,2319,0.7513036131858826,,
15,,2319,,0.5825852155685425,5.240665435791016
,0.0009842915805643154,2320,,,
16,,2329,0.4115346074104309,,
16,,2339,0.7782577276229858,,
16,,2349,0.1698693186044693,,
16,,2359,0.733858585357666,,
16,,2369,0.5163223147392273,,
16,,2379,0.7140687704086304,,
16,,2389,0.9716719388961792,,
16,,2399,0.8883469104766846,,
16,,2409,1.160453200340271,,
16,,2419,0.3024754524230957,,
16,,2429,0.76188725233078,,
16,,2439,0.506302535533905,,
16,,2449,0.5097930431365967,,
16,,2459,0.9887328147888184,,
16,,2464,,0.5736405253410339,5.0984978675842285
,0.000982278709228899,2465,,,
17,,2469,0.5299109816551208,,
17,,2479,1.1238375902175903,,
17,,2489,0.3125912547111511,,
17,,2499,0.6266260147094727,,
17,,2509,0.43226808309555054,,
17,,2519,0.33350348472595215,,
17,,2529,0.5178267955780029,,
17,,2539,0.8867954015731812,,
17,,2549,0.7733774781227112,,
17,,2559,0.5145453214645386,,
17,,2569,0.47513341903686523,,
17,,2579,1.0668596029281616,,
17,,2589,0.26653897762298584,,
17,,2599,0.5329124927520752,,
17,,2609,1.8850659132003784,,
17,,2609,,0.5457464456558228,5.502412796020508
,0.0009801468428384714,2610,,,
18,,2619,0.21524330973625183,,
18,,2629,0.7423061728477478,,
18,,2639,0.7096679210662842,,
18,,2649,1.119232416152954,,
18,,2659,0.4012870788574219,,
18,,2669,0.361709326505661,,
18,,2679,0.8479157090187073,,
18,,2689,0.3586714267730713,,
18,,2699,0.6965339183807373,,
18,,2709,0.6401229500770569,,
18,,2719,0.6591881513595581,,
18,,2729,0.4313179552555084,,
18,,2739,0.2974078059196472,,
18,,2749,0.32756710052490234,,
18,,2754,,0.5391486287117004,4.382384300231934
,0.0009778965073991648,2755,,,
19,,2759,0.5678852796554565,,
19,,2769,0.7476704120635986,,
19,,2779,0.3888179361820221,,
19,,2789,0.5563726425170898,,
19,,2799,0.7455130815505981,,
19,,2809,0.744696855545044,,
19,,2819,0.4761287569999695,,
19,,2829,0.23503020405769348,,
19,,2839,0.38264691829681396,,
19,,2849,0.454796701669693,,
19,,2859,0.8911710977554321,,
19,,2869,0.5011245012283325,,
19,,2879,0.5286242961883545,,
19,,2889,0.1824760138988495,,
19,,2899,0.1554928570985794,,
19,,2899,,0.5250771641731262,4.387719631195068
,0.0009755282581475766,2900,,,
20,,2909,0.2849540710449219,,
20,,2919,0.6182833909988403,,
20,,2929,0.5938471555709839,,
20,,2939,0.5144758224487305,,
20,,2949,0.5410531759262085,,
20,,2959,0.9593987464904785,,
20,,2969,0.31017616391181946,,
20,,2979,0.6870574951171875,,
20,,2989,0.9387049674987793,,
20,,2999,0.4728739857673645,,
20,,3009,0.8132966160774231,,
20,,3019,0.2834286689758301,,
20,,3029,0.8286042809486389,,
20,,3039,0.31192415952682495,,
20,,3044,,0.5622336864471436,4.342955112457275
,0.0009730426794137723,3045,,,
21,,3049,1.5365397930145264,,
21,,3059,0.3365534842014313,,
21,,3069,0.29943421483039856,,
21,,3079,0.4364287257194519,,
21,,3089,0.5296575427055359,,
21,,3099,0.20476296544075012,,
21,,3109,1.2151610851287842,,
21,,3119,0.6545878648757935,,
21,,3129,0.3092554807662964,,
21,,3139,0.5293607711791992,,
21,,3149,0.4226481318473816,,
21,,3159,1.3378171920776367,,
21,,3169,0.25041908025741577,,
21,,3179,0.35556676983833313,,
21,,3189,1.687352180480957,,
21,,3189,,0.5173744559288025,4.689211845397949
,0.0009704403844771124,3190,,,
22,,3199,0.9083201885223389,,
22,,3209,0.4205091893672943,,
22,,3219,0.5875006318092346,,
22,,3229,0.4110472500324249,,
22,,3239,0.2820083200931549,,
22,,3249,0.7385166883468628,,
22,,3259,0.8312675356864929,,
22,,3269,0.4170204699039459,,
22,,3279,0.6178490519523621,,
22,,3289,0.6615492105484009,,
22,,3299,0.5966620445251465,,
22,,3309,0.8146964907646179,,
22,,3319,0.5232341289520264,,
22,,3329,0.41654497385025024,,
22,,3334,,0.5335507392883301,4.305441379547119
,0.0009677220154149334,3335,,,
23,,3339,0.3009952902793884,,
23,,3349,0.7534444332122803,,
23,,3359,0.23634102940559387,,
23,,3369,0.4129523038864136,,
23,,3379,0.5814963579177856,,
23,,3389,0.7190321683883667,,
23,,3399,0.39114704728126526,,
23,,3409,0.5655980110168457,,
23,,3419,0.23131105303764343,,
23,,3429,0.6531832814216614,,
23,,3439,0.36290687322616577,,
23,,3449,0.2572019100189209,,
23,,3459,0.4541153311729431,,
23,,3469,0.4876047670841217,,
23,,3479,1.0276288986206055,,
23,,3479,,0.5322231650352478,4.7586350440979
,0.0009648882429441253,3480,,,
24,,3489,0.2753780782222748,,
24,,3499,0.6861372590065002,,
24,,3509,0.3502149283885956,,
24,,3519,0.4234975576400757,,
24,,3529,0.4653613567352295,,
24,,3539,0.4908066391944885,,
24,,3549,0.44949662685394287,,
24,,3559,0.3115232288837433,,
24,,3569,0.449604868888855,,
24,,3579,0.601735532283783,,
24,,3589,0.16612815856933594,,
24,,3599,0.4719047546386719,,
24,,3609,0.31209033727645874,,
24,,3619,0.845929741859436,,
24,,3624,,0.48882684111595154,4.184293746948242
,0.000961939766255643,3625,,,
25,,3629,0.30184853076934814,,
25,,3639,0.545504093170166,,
25,,3649,0.6208277344703674,,
25,,3659,0.3674132227897644,,
25,,3669,0.46884164214134216,,
25,,3679,0.49779266119003296,,
25,,3689,0.5710967779159546,,
25,,3699,0.9432206749916077,,
25,,3709,0.7769038677215576,,
25,,3719,0.5578176975250244,,
25,,3729,0.32778286933898926,,
25,,3739,0.17758828401565552,,
25,,3749,0.5419047474861145,,
25,,3759,0.35924577713012695,,
25,,3769,0.23581528663635254,,
25,,3769,,0.4983198344707489,4.36854362487793
,0.0009588773128419901,3770,,,
26,,3779,0.1974351853132248,,
26,,3789,0.5246407389640808,,
26,,3799,0.4201076030731201,,
26,,3809,0.4969715476036072,,
26,,3819,0.7386221885681152,,
26,,3829,0.3291719853878021,,
26,,3839,0.4274037480354309,,
26,,3849,0.30908268690109253,,
26,,3859,0.24887017905712128,,
26,,3869,0.5644353628158569,,
26,,3879,1.0400948524475098,,
26,,3889,0.2443639636039734,,
26,,3899,0.39605528116226196,,
26,,3909,0.48291486501693726,,
26,,3914,,0.501088559627533,4.731171131134033
,0.0009557016383177221,3915,,,
27,,3919,0.36103880405426025,,
27,,3929,0.8333909511566162,,
27,,3939,0.2815835475921631,,
27,,3949,0.31075942516326904,,
27,,3959,0.4304300546646118,,
27,,3969,0.3369234502315521,,
27,,3979,0.3619442582130432,,
27,,3989,0.3282914459705353,,
27,,3999,0.6286833882331848,,
27,,4009,0.28482234477996826,,
27,,4019,0.8928303718566895,,
27,,4029,0.3716360330581665,,
27,,4039,0.7911882400512695,,
27,,4049,0.5268107652664185,,
27,,4059,0.3534244894981384,,
27,,4059,,0.4891877770423889,4.458593368530273
,0.0009524135262330093,4060,,,
28,,4069,0.5670521259307861,,
28,,4079,0.7888241410255432,,
28,,4089,0.3432101309299469,,
28,,4099,0.8632760047912598,,
28,,4109,0.16859042644500732,,
28,,4119,0.2918383479118347,,
28,,4129,0.20610541105270386,,
28,,4139,0.42323943972587585,,
28,,4149,0.8454264402389526,,
28,,4159,0.7243254780769348,,
28,,4169,0.2709735631942749,,
28,,4179,0.5609489679336548,,
28,,4189,1.1471277475357056,,
28,,4199,0.4923348128795624,,
28,,4204,,0.4781701862812042,4.183548450469971
,0.0009490137878803073,4205,,,
29,,4209,0.3178147077560425,,
29,,4219,0.3171384334564209,,
29,,4229,1.2088927030563354,,
29,,4239,0.19062192738056183,,
29,,4249,0.23443862795829773,,
29,,4259,0.7373435497283936,,
29,,4269,0.4371345043182373,,
29,,4279,0.46437034010887146,,
29,,4289,0.2354448437690735,,
29,,4299,0.3608965277671814,,
29,,4309,0.5680099725723267,,
29,,4319,0.6319284439086914,,
29,,4329,0.24592025578022003,,
29,,4339,0.8330433964729309,,
29,,4349,0.31259679794311523,,
29,,4349,,0.473602831363678,4.453638076782227
,0.0009455032620941834,4350,,,
30,,4359,1.1317059993743896,,
30,,4369,0.35135290026664734,,
30,,4379,0.34526365995407104,,
30,,4389,0.4435308575630188,,
30,,4399,0.4624813199043274,,
30,,4409,0.4124659597873688,,
30,,4419,0.604437530040741,,
30,,4429,0.30155348777770996,,
30,,4439,0.30649447441101074,,
30,,4449,0.3081269860267639,,
30,,4459,1.1630847454071045,,
30,,4469,0.3007631301879883,,
30,,4479,0.617091178894043,,
30,,4489,1.2042732238769531,,
30,,4494,,0.4714296758174896,4.275303840637207
,0.0009418828150443463,4495,,,
31,,4499,0.42289096117019653,,
31,,4509,1.1031924486160278,,
31,,4519,0.3523392677307129,,
31,,4529,0.24199281632900238,,
31,,4539,0.505856990814209,,
31,,4549,0.7552280426025391,,
31,,4559,0.6167470812797546,,
31,,4569,0.35879749059677124,,
31,,4579,0.41286391019821167,,
31,,4589,0.31336843967437744,,
31,,4599,0.4099719524383545,,
31,,4609,0.26735615730285645,,
31,,4619,0.6212461590766907,,
31,,4629,0.5571833252906799,,
31,,4639,0.5237312912940979,,
31,,4639,,0.4785022437572479,4.712911605834961
,0.0009381533400219311,4640,,,
32,,4649,0.3523213863372803,,
32,,4659,0.24648118019104004,,
32,,4669,0.14564761519432068,,
32,,4679,0.2016848623752594,,
32,,4689,0.5331817269325256,,
32,,4699,1.153653860092163,,
32,,4709,0.7260626554489136,,
32,,4719,0.6596713066101074,,
32,,4729,0.5601367950439453,,
32,,4739,0.419922411441803,,
32,,4749,0.1449708789587021,,
32,,4759,0.15954837203025818,,
32,,4769,0.5114190578460693,,
32,,4779,0.3810560405254364,,
32,,4784,,0.45912855863571167,4.563894271850586
,0.0009343157572190951,4785,,,
33,,4789,0.2822874188423157,,
33,,4799,0.3439461886882782,,
33,,4809,0.2841278910636902,,
33,,4819,0.2450309693813324,,
33,,4829,0.14899712800979614,,
33,,4839,0.9080982208251953,,
33,,4849,0.34599536657333374,,
33,,4859,0.8764691948890686,,
33,,4869,1.2446773052215576,,
33,,4879,0.6873252987861633,,
33,,4889,0.6555590033531189,,
33,,4899,0.49185264110565186,,
33,,4909,0.5484558343887329,,
33,,4919,0.9774494171142578,,
33,,4929,0.05017116665840149,,
33,,4929,,0.4823979139328003,4.694502353668213
,0.0009303710135019713,4930,,,
34,,4939,0.7521123886108398,,
34,,4949,0.4271988570690155,,
34,,4959,0.5698836445808411,,
34,,4969,0.37037914991378784,,
34,,4979,0.4316369295120239,,
34,,4989,0.7130395174026489,,
34,,4999,0.26884928345680237,,
34,,5009,0.3687174320220947,,
34,,5019,0.31395259499549866,,
34,,5029,0.4656522572040558,,
34,,5039,0.6085139513015747,,
34,,5049,0.8865026235580444,,
34,,5059,0.7804309129714966,,
34,,5069,0.9405650496482849,,
34,,5074,,0.45602619647979736,4.0976457595825195
,0.0009263200821770456,5075,,,
35,,5079,0.34661149978637695,,
35,,5089,0.33105722069740295,,
35,,5099,0.6718357801437378,,
35,,5109,0.2821177840232849,,
35,,5119,0.6163001656532288,,
35,,5129,0.14766448736190796,,
35,,5139,0.2600882649421692,,
35,,5149,0.3449327051639557,,
35,,5159,0.7369495630264282,,
35,,5169,0.4175836741924286,,
35,,5179,0.8231911063194275,,
35,,5189,0.15770608186721802,,
35,,5199,0.11621119827032089,,
35,,5209,0.48408403992652893,,
35,,5219,0.24845413863658905,,
35,,5219,,0.4555237293243408,4.116396427154541
,0.000922163962751007,5220,,,
36,,5229,0.24154934287071228,,
36,,5239,0.25464874505996704,,
36,,5249,0.8683171272277832,,
36,,5259,0.6672090888023376,,
36,,5269,0.4159015715122223,,
36,,5279,0.6902806758880615,,
36,,5289,0.1701177954673767,,
36,,5299,0.43537354469299316,,
36,,5309,0.489677369594574,,
36,,5319,0.41306817531585693,,
36,,5329,0.8515981435775757,,
36,,5339,0.8179463148117065,,
36,,5349,0.5041217803955078,,
36,,5359,0.5459810495376587,,
36,,5364,,0.44919881224632263,4.109008312225342
,0.0009179036806841347,5365,,,
37,,5369,0.4763653874397278,,
37,,5379,0.3975987732410431,,
37,,5389,0.7042513489723206,,
37,,5399,0.5603940486907959,,
37,,5409,0.6261245012283325,,
37,,5419,0.7518705129623413,,
37,,5429,0.738297164440155,,
37,,5439,0.15657338500022888,,
37,,5449,1.512137770652771,,
37,,5459,0.326205849647522,,
37,,5469,0.3279190957546234,,
37,,5479,0.2431940734386444,,
37,,5489,0.45450684428215027,,
37,,5499,0.14871494472026825,,
37,,5509,1.3765888214111328,,
37,,5509,,0.4649277627468109,4.0832037925720215
,0.0009135402871372803,5510,,,
38,,5519,0.5395248532295227,,
38,,5529,0.47843214869499207,,
38,,5539,0.24595274031162262,,
38,,5549,0.8050916790962219,,
38,,5559,0.22609195113182068,,
38,,5569,0.3045666813850403,,
38,,5579,0.40221625566482544,,
38,,5589,0.07056669145822525,,
38,,5599,0.36327797174453735,,
38,,5609,0.8678145408630371,,
38,,5619,0.15823602676391602,,
38,,5629,0.14878451824188232,,
38,,5639,0.7218326330184937,,
38,,5649,0.5082126259803772,,
38,,5654,,0.4463145434856415,4.492646217346191
,0.0009090748587125112,5655,,,
39,,5659,0.8837683200836182,,
39,,5669,0.6830103993415833,,
39,,5679,0.5703698992729187,,
39,,5689,0.3685503304004669,,
39,,5699,0.2765299677848816,,
39,,5709,0.13414715230464935,,
39,,5719,0.3009011745452881,,
39,,5729,0.7056246995925903,,
39,,5739,0.45672568678855896,,
39,,5749,0.6882951259613037,,
39,,5759,0.3543964624404907,,
39,,5769,0.42021650075912476,,
39,,5779,0.09592282772064209,,
39,,5789,0.306262731552124,,
39,,5799,0.4285283088684082,,
39,,5799,,0.4456523358821869,3.8430724143981934
,0.0009045084971874732,5800,,,
40,,5809,0.46905168890953064,,
40,,5819,0.13980835676193237,,
40,,5829,0.30360037088394165,,
40,,5839,0.6448900103569031,,
40,,5849,0.23970359563827515,,
40,,5859,0.7024734020233154,,
40,,5869,0.23639799654483795,,
40,,5879,0.23611101508140564,,
40,,5889,0.3846481144428253,,
40,,5899,0.6522736549377441,,
40,,5909,0.5535871386528015,,
40,,5919,0.2981072664260864,,
40,,5929,1.0982718467712402,,
40,,5939,0.3948020935058594,,
40,,5944,,0.44734635949134827,4.626057147979736
,0.0008998423292435448,5945,,,
41,,5949,0.336885929107666,,
41,,5959,0.18820476531982422,,
41,,5969,0.6514568328857422,,
41,,5979,0.8454875946044922,,
41,,5989,0.5379445552825928,,
41,,5999,0.1985417604446411,,
41,,6009,0.4536975622177124,,
41,,6019,0.12786787748336792,,
41,,6029,0.33012768626213074,,
41,,6039,0.3208298981189728,,
41,,6049,0.5727634429931641,,
41,,6059,0.5399820804595947,,
41,,6069,0.15900804102420807,,
41,,6079,0.16344445943832397,,
41,,6089,0.15058846771717072,,
41,,6089,,0.46001285314559937,3.923030376434326
,0.0008950775061878446,6090,,,
42,,6099,0.5026756525039673,,
42,,6109,0.7066477537155151,,
42,,6119,0.14142706990242004,,
42,,6129,0.2187453806400299,,
42,,6139,0.6187355518341064,,
42,,6149,0.14879082143306732,,
42,,6159,0.11989937722682953,,
42,,6169,0.7148119211196899,,
42,,6179,0.49700406193733215,,
42,,6189,0.3392166197299957,,
42,,6199,0.4275484085083008,,
42,,6209,0.4809718728065491,,
42,,6219,0.18786095082759857,,
42,,6229,0.543694019317627,,
42,,6234,,0.45588985085487366,4.716182231903076
,0.0008902152036691643,6235,,,
43,,6239,0.4603257477283478,,
43,,6249,0.8553304672241211,,
43,,6259,0.2749490737915039,,
43,,6269,0.33507031202316284,,
43,,6279,0.1580340564250946,,
43,,6289,0.8987792730331421,,
43,,6299,0.3379901945590973,,
43,,6309,0.599821925163269,,
43,,6319,0.6183488965034485,,
43,,6329,0.29937344789505005,,
43,,6339,0.36705130338668823,,
43,,6349,0.41266900300979614,,
43,,6359,0.7581332325935364,,
43,,6369,0.5516368746757507,,
43,,6379,0.17950716614723206,,
43,,6379,,0.44957593083381653,3.9738645553588867
,0.000885256621387894,6380,,,
44,,6389,0.2744341194629669,,
44,,6399,0.5117111206054688,,
44,,6409,0.3653647005558014,,
44,,6419,0.5633230805397034,,
44,,6429,0.4752002954483032,,
44,,6439,0.5083733797073364,,
44,,6449,0.2123793214559555,,
44,,6459,0.16092708706855774,,
44,,6469,0.6229159235954285,,
44,,6479,0.364105224609375,,
44,,6489,0.3874598443508148,,
44,,6499,0.8199113607406616,,
44,,6509,0.3042367100715637,,
44,,6519,0.27598729729652405,,
44,,6524,,0.44844022393226624,4.838120937347412
,0.0008802029828000149,6525,,,
45,,6529,0.26452821493148804,,
45,,6539,0.5582044720649719,,
45,,6549,0.17602567374706268,,
45,,6559,0.20967906713485718,,
45,,6569,0.4705440402030945,,
45,,6579,0.22415845096111298,,
45,,6589,0.8458998203277588,,
45,,6599,0.34720379114151,,
45,,6609,1.2333052158355713,,
45,,6619,0.4642452001571655,,
45,,6629,0.3315861225128174,,
45,,6639,0.516485869884491,,
45,,6649,0.27044180035591125,,
45,,6659,0.2477695643901825,,
45,,6669,1.03239107131958,,
45,,6669,,0.43372488021850586,3.717278242111206
,0.0008750555348152292,6670,,,
46,,6679,0.20790979266166687,,
46,,6689,0.4821150004863739,,
46,,6699,0.14505425095558167,,
46,,6709,0.37536725401878357,,
46,,6719,0.26160967350006104,,
46,,6729,0.26280632615089417,,
46,,6739,0.22646763920783997,,
46,,6749,0.45267629623413086,,
46,,6759,0.4228893518447876,,
46,,6769,0.8344489932060242,,
46,,6779,0.46345365047454834,,
46,,6789,0.25122010707855225,,
46,,6799,0.2206830382347107,,
46,,6809,0.21179822087287903,,
46,,6814,,0.43131133913993835,3.96794056892395
,0.0008698155474893041,6815,,,
47,,6819,0.7581193447113037,,
47,,6829,1.168092966079712,,
47,,6839,0.24346141517162323,,
47,,6849,0.5954452157020569,,
47,,6859,0.1421450823545456,,
47,,6869,0.3001112639904022,,
47,,6879,0.4099564850330353,,
47,,6889,0.5122838616371155,,
47,,6899,0.23951557278633118,,
47,,6909,0.4910091459751129,,
47,,6919,0.4944368004798889,,
47,,6929,0.4525670111179352,,
47,,6939,0.3733845353126526,,
47,,6949,0.3495718240737915,,
47,,6959,0.07999901473522186,,
47,,6959,,0.44974207878112793,3.8416330814361572
,0.0008644843137107051,6960,,,
48,,6969,0.5597608089447021,,
48,,6979,0.4301610589027405,,
48,,6989,0.3279465436935425,,
48,,6999,0.2192738801240921,,
48,,7009,0.5061205625534058,,
48,,7019,0.08409827202558517,,
48,,7029,0.5676257610321045,,
48,,7039,0.41353344917297363,,
48,,7049,0.7496916055679321,,
48,,7059,0.6955475807189941,,
48,,7069,0.4390600919723511,,
48,,7079,0.33145350217819214,,
48,,7089,0.3747827112674713,,
48,,7099,0.6180559396743774,,
48,,7104,,0.4467836320400238,4.538459777832031
,0.0008590631488815938,7105,,,
49,,7109,0.17073561251163483,,
49,,7119,0.5891259908676147,,
49,,7129,0.21631041169166565,,
49,,7139,0.5922374129295349,,
49,,7149,0.7360959053039551,,
49,,7159,0.19628511369228363,,
49,,7169,0.37398412823677063,,
49,,7179,0.8980307579040527,,
49,,7189,0.6124125123023987,,
49,,7199,0.3680603802204132,,
49,,7209,0.2296929657459259,,
49,,7219,0.48584309220314026,,
49,,7229,0.35040155053138733,,
49,,7239,1.0130927562713623,,
49,,7249,0.06114145740866661,,
49,,7249,,0.4398166239261627,4.8280110359191895
,0.0008535533905932731,7250,,,
50,,7259,0.1738642454147339,,
50,,7269,0.46156802773475647,,
50,,7279,0.5266899466514587,,
50,,7289,0.11428707838058472,,
50,,7299,0.1603478491306305,,
50,,7309,0.5903910398483276,,
50,,7319,0.23562942445278168,,
50,,7329,0.2886373698711395,,
50,,7339,0.35603979229927063,,
50,,7349,0.7407283782958984,,
50,,7359,0.5099743604660034,,
50,,7369,1.0870444774627686,,
50,,7379,0.5244356393814087,,
50,,7389,0.7333062887191772,,
50,,7394,,0.4375462234020233,3.761448383331299
,0.0008479563982961564,7395,,,
51,,7399,0.20014038681983948,,
51,,7409,0.3790103495121002,,
51,,7419,0.30487579107284546,,
51,,7429,0.5974598526954651,,
51,,7439,0.31725019216537476,,
51,,7449,0.14065766334533691,,
51,,7459,0.2978098690509796,,
51,,7469,0.18011075258255005,,
51,,7479,0.5418677926063538,,
51,,7489,0.6942366361618042,,
51,,7499,0.10788236558437347,,
51,,7509,0.5614356994628906,,
51,,7519,0.41680771112442017,,
51,,7529,0.18794336915016174,,
51,,7539,0.3844257593154907,,
51,,7539,,0.42763790488243103,4.4262895584106445
,0.0008422735529643437,7540,,,
52,,7549,0.28980714082717896,,
52,,7559,0.49730315804481506,,
52,,7569,0.5488085150718689,,
52,,7579,0.6021766662597656,,
52,,7589,0.24296095967292786,,
52,,7599,0.213372141122818,,
52,,7609,0.27169233560562134,,
52,,7619,0.41988658905029297,,
52,,7629,0.2672104835510254,,
52,,7639,0.31252312660217285,,
52,,7649,1.2091052532196045,,
52,,7659,0.4462531805038452,,
52,,7669,0.8927640914916992,,
52,,7679,0.31919988989830017,,
52,,7684,,0.4422203004360199,3.798006772994995
,0.000836506256754886,7685,,,
53,,7689,0.2757279574871063,,
53,,7699,0.36589425802230835,,
53,,7709,0.780511736869812,,
53,,7719,0.44549301266670227,,
53,,7729,0.735783040523529,,
53,,7739,0.1917809247970581,,
53,,7749,0.479948490858078,,
53,,7759,0.0984484851360321,,
53,,7769,0.2698403596878052,,
53,,7779,0.5262783765792847,,
53,,7789,0.48797833919525146,,
53,,7799,0.5831610560417175,,
53,,7809,0.5190377235412598,,
53,,7819,0.4287291169166565,,
53,,7829,1.1461628675460815,,
53,,7829,,0.4321109354496002,3.918125629425049
,0.0008306559326618253,7830,,,
54,,7839,0.44398555159568787,,
54,,7849,1.1163952350616455,,
54,,7859,0.3412642478942871,,
54,,7869,0.4032832384109497,,
54,,7879,0.22593586146831512,,
54,,7889,0.7360862493515015,,
54,,7899,0.23416082561016083,,
54,,7909,1.028160810470581,,
54,,7919,0.39059120416641235,,
54,,7929,0.9477443099021912,,
54,,7939,0.15539132058620453,,
54,,7949,0.21023514866828918,,
54,,7959,0.4295802116394043,,
54,,7969,1.0615127086639404,,
54,,7974,,0.42857620120048523,4.427404403686523
,0.0008247240241650912,7975,,,
55,,7979,0.4067663550376892,,
55,,7989,1.3703484535217285,,
55,,7999,0.6688820123672485,,
55,,8009,0.10324442386627197,,
55,,8019,0.777158796787262,,
55,,8029,1.0868967771530151,,
55,,8039,0.29227596521377563,,
55,,8049,0.9715189933776855,,
55,,8059,0.3614036440849304,,
55,,8069,0.19336606562137604,,
55,,8079,0.20248818397521973,,
55,,8089,0.6721009016036987,,
55,,8099,0.7068698406219482,,
55,,8109,0.7094456553459167,,
55,,8119,0.7774178385734558,,
55,,8119,,0.4237387478351593,3.748366117477417
,0.0008187119948743442,8120,,,
56,,8129,0.3970615863800049,,
56,,8139,0.5758501887321472,,
56,,8149,0.6417105197906494,,
56,,8159,0.6436917781829834,,
56,,8169,0.8847026824951172,,
56,,8179,0.600216805934906,,
56,,8189,0.821318507194519,,
56,,8199,0.8981019854545593,,
56,,8209,0.29362428188323975,,
56,,8219,0.6855144500732422,,
56,,8229,0.3798045217990875,,
56,,8239,0.39305269718170166,,
56,,8249,0.3406336307525635,,
56,,8259,0.8182450532913208,,
56,,8264,,0.4308275580406189,3.9538016319274902
,0.000812621328167852,8265,,,
57,,8269,0.4613003730773926,,
57,,8279,0.2621811628341675,,
57,,8289,0.14619994163513184,,
57,,8299,1.2349772453308105,,
57,,8309,0.5640192627906799,,
57,,8319,0.395751416683197,,
57,,8329,0.2773231267929077,,
57,,8339,0.3017275035381317,,
57,,8349,0.5021077990531921,,
57,,8359,0.3262576460838318,,
57,,8369,0.37562233209609985,,
57,,8379,0.5781084299087524,,
57,,8389,0.342515230178833,,
57,,8399,0.9121736288070679,,
57,,8409,0.053568582981824875,,
57,,8409,,0.42122089862823486,4.183967113494873
,0.0008064535268264877,8410,,,
58,,8419,0.915941596031189,,
58,,8429,0.11448872834444046,,
58,,8439,0.2564501464366913,,
58,,8449,0.5893020629882812,,
58,,8459,0.26673078536987305,,
58,,8469,0.17065724730491638,,
58,,8479,0.3199789822101593,,
58,,8489,0.48096418380737305,,
58,,8499,0.14980417490005493,,
58,,8509,0.21680867671966553,,
58,,8519,1.0878256559371948,,
58,,8529,0.18740929663181305,,
58,,8539,0.3948633670806885,,
58,,8549,0.6278117299079895,,
58,,8554,,0.4215903878211975,4.237913608551025
,0.0008002101126629415,8555,,,
59,,8559,0.4299167990684509,,
59,,8569,0.20513556897640228,,
59,,8579,0.6793991923332214,,
59,,8589,0.8926302790641785,,
59,,8599,0.4628504514694214,,
59,,8609,0.6931017637252808,,
59,,8619,0.32507023215293884,,
59,,8629,0.43210309743881226,,
59,,8639,0.4731002748012543,,
59,,8649,0.11933518201112747,,
59,,8659,0.5338656902313232,,
59,,8669,0.33775103092193604,,
59,,8679,0.3802494704723358,,
59,,8689,0.17174747586250305,,
59,,8699,0.6376394629478455,,
59,,8699,,0.41656261682510376,3.7377243041992188
,0.000793892626146236,8700,,,
60,,8709,0.20172569155693054,,
60,,8719,0.5568584203720093,,
60,,8729,0.9334449768066406,,
60,,8739,0.42136821150779724,,
60,,8749,0.3993825316429138,,
60,,8759,0.41700589656829834,,
60,,8769,0.4240928888320923,,
60,,8779,0.4259531497955322,,
60,,8789,0.9965091347694397,,
60,,8799,0.28964483737945557,,
60,,8809,0.34044426679611206,,
60,,8819,0.3269910216331482,,
60,,8829,0.09101235866546631,,
60,,8839,0.16621632874011993,,
60,,8844,,0.41660749912261963,4.486609935760498
,0.0007875026260216388,8845,,,
61,,8849,0.6172976493835449,,
61,,8859,0.2399691939353943,,
61,,8869,0.5626951456069946,,
61,,8879,0.4617537558078766,,
61,,8889,0.499093621969223,,
61,,8899,0.6520859003067017,,
61,,8909,0.14226393401622772,,
61,,8919,0.303913414478302,,
61,,8929,0.7166875600814819,,
61,,8939,0.31195175647735596,,
61,,8949,0.24867823719978333,,
61,,8959,0.337386816740036,,
61,,8969,0.7336999773979187,,
61,,8979,1.1112651824951172,,
61,,8989,0.6814745664596558,,
61,,8989,,0.42560580372810364,3.6705257892608643
,0.0007810416889260649,8990,,,
62,,8999,0.3141796290874481,,
62,,9009,0.7137671709060669,,
62,,9019,0.32836833596229553,,
62,,9029,0.39587095379829407,,
62,,9039,0.47570252418518066,,
62,,9049,0.2850879430770874,,
62,,9059,0.7961321473121643,,
62,,9069,0.46783447265625,,
62,,9079,0.4166101813316345,,
62,,9089,0.09719416499137878,,
62,,9099,1.3787405490875244,,
62,,9109,0.6893833875656128,,
62,,9119,0.8634523153305054,,
62,,9129,0.412522554397583,,
62,,9134,,0.4311770498752594,3.7184860706329346
,0.0007745114089990654,9135,,,
63,,9139,0.6541837453842163,,
63,,9149,0.1291346400976181,,
63,,9159,0.5970257520675659,,
63,,9169,0.4273410439491272,,
63,,9179,0.8939847946166992,,
63,,9189,0.34343987703323364,,
63,,9199,0.1385548710823059,,
63,,9209,0.6776724457740784,,
63,,9219,0.5578117966651917,,
63,,9229,0.29572829604148865,,
63,,9239,0.5812020897865295,,
63,,9249,0.4048551023006439,,
63,,9259,0.3335123062133789,,
63,,9269,0.6482632756233215,,
63,,9279,0.4921793043613434,,
63,,9279,,0.41827499866485596,3.838069438934326
,0.0007679133974894978,9280,,,
64,,9289,0.4720635414123535,,
64,,9299,0.5404977202415466,,
64,,9309,0.6212595701217651,,
64,,9319,0.37660491466522217,,
64,,9329,0.3359750211238861,,
64,,9339,0.962357223033905,,
64,,9349,0.3280123472213745,,
64,,9359,0.42847445607185364,,
64,,9369,0.6739902496337891,,
64,,9379,0.9005245566368103,,
64,,9389,0.20467054843902588,,
64,,9399,0.9941011071205139,,
64,,9409,0.551778256893158,,
64,,9419,0.4587291181087494,,
64,,9424,,0.44250258803367615,3.9952406883239746
,0.0007612492823579739,9425,,,
65,,9429,0.06403958052396774,,
65,,9439,0.5011449456214905,,
65,,9449,0.10806239396333694,,
65,,9459,0.9338712692260742,,
65,,9469,0.12975646555423737,,
65,,9479,0.8367898464202881,,
65,,9489,0.548295259475708,,
65,,9499,0.28824448585510254,,
65,,9509,0.6892340183258057,,
65,,9519,0.10311979800462723,,
65,,9529,0.2515615224838257,,
65,,9539,0.8483953475952148,,
65,,9549,0.6798551082611084,,
65,,9559,0.587519645690918,,
65,,9569,0.26048025488853455,,
65,,9569,,0.4304805099964142,5.017946720123291
,0.0007545207078751852,9570,,,
66,,9579,0.16472871601581573,,
66,,9589,0.1517808586359024,,
66,,9599,0.4472023844718933,,
66,,9609,0.2005007416009903,,
66,,9619,0.2817557156085968,,
66,,9629,0.4694751501083374,,
66,,9639,0.23307551443576813,,
66,,9649,0.520081639289856,,
66,,9659,0.9220540523529053,,
66,,9669,1.3128654956817627,,
66,,9679,1.0881906747817993,,
66,,9689,0.5489333271980286,,
66,,9699,0.2213636189699173,,
66,,9709,0.28153207898139954,,
66,,9714,,0.41495633125305176,3.7324671745300293
,0.0007477293342162034,9715,,,
67,,9719,0.4936358332633972,,
67,,9729,0.20410586893558502,,
67,,9739,0.6065891981124878,,
67,,9749,0.2376149594783783,,
67,,9759,0.3146827220916748,,
67,,9769,0.3141874670982361,,
67,,9779,0.599590003490448,,
67,,9789,0.17705899477005005,,
67,,9799,0.37797826528549194,,
67,,9809,0.5948623418807983,,
67,,9819,0.5674447417259216,,
67,,9829,0.7888475656509399,,
67,,9839,0.5618423819541931,,
67,,9849,0.1428479701280594,,
67,,9859,0.026896921917796135,,
67,,9859,,0.41801097989082336,3.8169124126434326
,0.0007408768370508571,9860,,,
68,,9869,0.35882115364074707,,
68,,9879,0.3614077866077423,,
68,,9889,0.17590996623039246,,
68,,9899,0.5160340070724487,,
68,,9909,0.7914825081825256,,
68,,9919,0.9686986207962036,,
68,,9929,0.17850826680660248,,
68,,9939,0.8008306622505188,,
68,,9949,0.8910614848136902,,
68,,9959,0.4822712540626526,,
68,,9969,0.3318331241607666,,
68,,9979,0.4842863082885742,,
68,,9989,0.35865461826324463,,
68,,9999,0.3955467939376831,,
68,,10004,,0.42829757928848267,3.7544920444488525
,0.0007339649071302863,10005,,,
69,,10009,0.8358926773071289,,
69,,10019,0.3012501001358032,,
69,,10029,0.4142736792564392,,
69,,10039,0.14072661101818085,,
69,,10049,1.0003662109375,,
69,,10059,0.8904781341552734,,
69,,10069,0.3453235924243927,,
69,,10079,0.30170196294784546,,
69,,10089,0.3061703145503998,,
69,,10099,0.3978961408138275,,
69,,10109,0.2994198501110077,,
69,,10119,0.22147560119628906,,
69,,10129,0.42086517810821533,,
69,,10139,0.2574968636035919,,
69,,10149,0.5494577884674072,,
69,,10149,,0.4119645059108734,3.723141670227051
,0.0007269952498697729,10150,,,
70,,10159,0.24665085971355438,,
70,,10169,0.35318002104759216,,
70,,10179,0.3150690793991089,,
70,,10189,0.6810544729232788,,
70,,10199,0.31225576996803284,,
70,,10209,0.7643132209777832,,
70,,10219,0.26036834716796875,,
70,,10229,0.7522145509719849,,
70,,10239,0.601485013961792,,
70,,10249,0.4221915900707245,,
70,,10259,0.0345616415143013,,
70,,10269,0.296538770198822,,
70,,10279,0.2775433659553528,,
70,,10289,0.5550538301467896,,
70,,10294,,0.42660844326019287,3.8156652450561523
,0.000719969584927957,10295,,,
71,,10299,0.23774781823158264,,
71,,10309,0.6019377708435059,,
71,,10319,0.22310329973697662,,
71,,10329,0.5355352759361267,,
71,,10339,0.6921675205230713,,
71,,10349,0.4326063394546509,,
71,,10359,0.18033316731452942,,
71,,10369,0.1781076043844223,,
71,,10379,0.24860119819641113,,
71,,10389,0.6343214511871338,,
71,,10399,0.37841475009918213,,
71,,10409,0.7618794441223145,,
71,,10419,0.8937801718711853,,
71,,10429,0.36145147681236267,,
71,,10439,0.028148958459496498,,
71,,10439,,0.42987123131752014,3.8643901348114014
,0.0007128896457825358,10440,,,
72,,10449,0.22365079820156097,,
72,,10459,0.4248150885105133,,
72,,10469,0.22091254591941833,,
72,,10479,0.46790358424186707,,
72,,10489,0.2502639591693878,,
72,,10499,0.6300731897354126,,
72,,10509,0.2723093628883362,,
72,,10519,0.08062298595905304,,
72,,10529,0.41021981835365295,,
72,,10539,0.656877875328064,,
72,,10549,0.330399751663208,,
72,,10559,0.6558033227920532,,
72,,10569,0.7768591642379761,,
72,,10579,0.6324787139892578,,
72,,10584,,0.4281666576862335,3.92118763923645
,0.0007057571793025539,10585,,,
73,,10589,0.3586038053035736,,
73,,10599,0.26061832904815674,,
73,,10609,0.5841565132141113,,
73,,10619,0.14628049731254578,,
73,,10629,0.3212501108646393,,
73,,10639,0.9379897117614746,,
73,,10649,0.11768770217895508,,
73,,10659,0.47221988439559937,,
73,,10669,0.2203826606273651,,
73,,10679,0.44517797231674194,,
73,,10689,0.39099788665771484,,
73,,10699,0.27792829275131226,,
73,,10709,0.10214941948652267,,
73,,10719,0.3159363567829132,,
73,,10729,1.222052812576294,,
73,,10729,,0.4100983440876007,4.112454891204834
,0.0006985739453173898,10730,,,
74,,10739,0.6650921702384949,,
74,,10749,0.7628148198127747,,
74,,10759,0.5881261825561523,,
74,,10769,1.343816876411438,,
74,,10779,0.22888322174549103,,
74,,10789,0.17209561169147491,,
74,,10799,0.5686037540435791,,
74,,10809,0.2743999660015106,,
74,,10819,0.865645170211792,,
74,,10829,0.29042720794677734,,
74,,10839,0.4783134460449219,,
74,,10849,0.4609045386314392,,
74,,10859,1.4932562112808228,,
74,,10869,0.3722361922264099,,
74,,10874,,0.4112042486667633,3.622180700302124
,0.0006913417161825444,10875,,,
75,,10879,0.1576833724975586,,
75,,10889,0.08244957029819489,,
75,,10899,0.5999267101287842,,
75,,10909,0.4017890989780426,,
75,,10919,0.4812364876270294,,
75,,10929,1.193293571472168,,
75,,10939,0.46711158752441406,,
75,,10949,0.195742666721344,,
75,,10959,0.18592500686645508,,
75,,10969,0.562833845615387,,
75,,10979,0.8102265000343323,,
75,,10989,0.08114679157733917,,
75,,10999,0.36264777183532715,,
75,,11009,0.7192017436027527,,
75,,11019,0.4595179259777069,,
75,,11019,,0.4069271385669708,3.6815078258514404
,0.0006840622763423385,11020,,,
76,,11029,0.2761020064353943,,
76,,11039,0.08637179434299469,,
76,,11049,0.27699142694473267,,
76,,11059,0.6109723448753357,,
76,,11069,0.19245021045207977,,
76,,11079,0.2591586112976074,,
76,,11089,0.40283775329589844,,
76,,11099,0.27790582180023193,,
76,,11109,0.7760105729103088,,
76,,11119,0.29639744758605957,,
76,,11129,0.2565135657787323,,
76,,11139,1.1115024089813232,,
76,,11149,0.6387934684753418,,
76,,11159,0.6887534856796265,,
76,,11164,,0.4122838079929352,3.9788122177124023
,0.000676737421889628,11165,,,
77,,11169,0.6509106159210205,,
77,,11179,0.21006593108177185,,
77,,11189,0.29735851287841797,,
77,,11199,0.24568191170692444,,
77,,11209,0.36899322271347046,,
77,,11219,0.7349017858505249,,
77,,11229,0.7815277576446533,,
77,,11239,0.6431022882461548,,
77,,11249,0.2865639626979828,,
77,,11259,1.3137774467468262,,
77,,11269,0.4041282534599304,,
77,,11279,0.43452131748199463,,
77,,11289,0.19971638917922974,,
77,,11299,0.6482268571853638,,
77,,11309,2.735564947128296,,
77,,11309,,0.41172274947166443,3.533024311065674
,0.0006693689601226452,11310,,,
78,,11319,0.7195373177528381,,
78,,11329,0.27232158184051514,,
78,,11339,0.33730894327163696,,
78,,11349,0.2268301248550415,,
78,,11359,0.3211466670036316,,
78,,11369,0.29421937465667725,,
78,,11379,0.8699532747268677,,
78,,11389,0.22858817875385284,,
78,,11399,0.6139379739761353,,
78,,11409,0.15917176008224487,,
78,,11419,0.1564524620771408,,
78,,11429,0.3043205142021179,,
78,,11439,0.5224024057388306,,
78,,11449,0.5893150568008423,,
78,,11454,,0.4160597324371338,3.7816390991210938
,0.0006619587090990741,11455,,,
79,,11459,0.3450635075569153,,
79,,11469,0.14965809881687164,,
79,,11479,0.3666512966156006,,
79,,11489,0.5860134363174438,,
79,,11499,0.3281785845756531,,
79,,11509,0.47458261251449585,,
79,,11519,0.3717672824859619,,
79,,11529,0.399883508682251,,
79,,11539,0.5055102109909058,,
79,,11549,0.3887450397014618,,
79,,11559,0.7194417119026184,,
79,,11569,0.8551406860351562,,
79,,11579,0.3342001438140869,,
79,,11589,0.7597097158432007,,
79,,11599,0.2419569343328476,,
79,,11599,,0.4142708480358124,4.109971523284912
,0.0006545084971874731,11600,,,
80,,11609,0.39897802472114563,,
80,,11619,0.4499189257621765,,
80,,11629,0.7562349438667297,,
80,,11639,0.29653844237327576,,
80,,11649,0.11325418204069138,,
80,,11659,0.20091594755649567,,
80,,11669,0.7626532912254333,,
80,,11679,0.1884722262620926,,
80,,11689,0.16096696257591248,,
80,,11699,0.12244303524494171,,
80,,11709,0.09754849225282669,,
80,,11719,1.0162954330444336,,
80,,11729,0.2568320631980896,,
80,,11739,0.37609750032424927,,
80,,11744,,0.41968342661857605,3.5859014987945557
,0.0006470201626161514,11745,,,
81,,11749,1.0301144123077393,,
81,,11759,0.3421773910522461,,
81,,11769,0.22735300660133362,,
81,,11779,1.0595617294311523,,
81,,11789,0.7934539318084717,,
81,,11799,0.5917696952819824,,
81,,11809,0.407781720161438,,
81,,11819,0.4014636278152466,,
81,,11829,0.10934747010469437,,
81,,11839,0.9381041526794434,,
81,,11849,0.37620168924331665,,
81,,11859,0.18009907007217407,,
81,,11869,1.0127464532852173,,
81,,11879,0.11980423331260681,,
81,,11889,1.3601912260055542,,
81,,11889,,0.4080813527107239,4.083148002624512
,0.0006394955530196142,11890,,,
82,,11899,0.5489226579666138,,
82,,11909,0.2079155147075653,,
82,,11919,0.5837514400482178,,
82,,11929,0.270449697971344,,
82,,11939,0.4901585578918457,,
82,,11949,0.38391411304473877,,
82,,11959,0.8057411909103394,,
82,,11969,0.603527307510376,,
82,,11979,0.46559056639671326,,
82,,11989,0.07916205376386642,,
82,,11999,0.6135550141334534,,
82,,12009,0.451968252658844,,
82,,12019,1.004263162612915,,
82,,12029,0.33162882924079895,,
82,,12034,,0.4156342148780823,3.627110004425049
,0.0006319365249826858,12035,,,
83,,12039,0.3412556052207947,,
83,,12049,0.32230234146118164,,
83,,12059,0.4265258312225342,,
83,,12069,0.09614920616149902,,
83,,12079,0.7704076170921326,,
83,,12089,0.3908612132072449,,
83,,12099,0.4920494854450226,,
83,,12109,0.6257532835006714,,
83,,12119,0.42567259073257446,,
83,,12129,0.9592094421386719,,
83,,12139,0.1703713983297348,,
83,,12149,0.24008657038211823,,
83,,12159,0.725178599357605,,
83,,12169,0.9399973750114441,,
83,,12179,0.3782395124435425,,
83,,12179,,0.41159456968307495,3.803668260574341
,0.0006243449435824268,12180,,,
84,,12189,0.3144594132900238,,
84,,12199,0.8154651522636414,,
84,,12209,0.5593270063400269,,
84,,12219,1.03338623046875,,
84,,12229,0.4037792980670929,,
84,,12239,0.5851736068725586,,
84,,12249,0.12577864527702332,,
84,,12259,0.10603445023298264,,
84,,12269,0.8265295028686523,,
84,,12279,0.20517981052398682,,
84,,12289,0.28296399116516113,,
84,,12299,0.34545770287513733,,
84,,12309,0.17444689571857452,,
84,,12319,0.5654974579811096,,
84,,12324,,0.409983366727829,3.878892183303833
,0.0006167226819279523,12325,,,
85,,12329,0.30830132961273193,,
85,,12339,0.7449368238449097,,
85,,12349,0.6823900938034058,,
85,,12359,0.3899456262588501,,
85,,12369,0.39616525173187256,,
85,,12379,0.19707517325878143,,
85,,12389,0.0960933119058609,,
85,,12399,0.4138558804988861,,
85,,12409,0.24654050171375275,,
85,,12419,0.7434310913085938,,
85,,12429,0.5167630910873413,,
85,,12439,0.30503395199775696,,
85,,12449,0.26369914412498474,,
85,,12459,0.07203420996665955,,
85,,12469,0.6672970652580261,,
85,,12469,,0.41199588775634766,3.682157039642334
,0.0006090716206982709,12470,,,
86,,12479,0.9237095713615417,,
86,,12489,0.14515718817710876,,
86,,12499,0.23025763034820557,,
86,,12509,0.27914899587631226,,
86,,12519,0.20855964720249176,,
86,,12529,0.21638812124729156,,
86,,12539,0.21723699569702148,,
86,,12549,0.535636305809021,,
86,,12559,0.31019535660743713,,
86,,12569,0.6669029593467712,,
86,,12579,0.3571004867553711,,
86,,12589,0.9470887184143066,,
86,,12599,0.44731488823890686,,
86,,12609,1.7564151287078857,,
86,,12614,,0.4133005142211914,3.710848331451416
,0.0006013936476782558,12615,,,
87,,12619,0.38519716262817383,,
87,,12629,0.2568674683570862,,
87,,12639,0.665960431098938,,
87,,12649,0.16574890911579132,,
87,,12659,0.5769431591033936,,
87,,12669,0.1769317388534546,,
87,,12679,0.5257447361946106,,
87,,12689,0.20908333361148834,,
87,,12699,0.23119108378887177,,
87,,12709,0.4329949617385864,,
87,,12719,0.12822094559669495,,
87,,12729,0.334653377532959,,
87,,12739,0.4516649544239044,,
87,,12749,0.2671404182910919,,
87,,12759,0.700174868106842,,
87,,12759,,0.412092924118042,3.5857620239257812
,0.000593690657292862,12760,,,
88,,12769,0.4178996682167053,,
88,,12779,0.7648943662643433,,
88,,12789,0.4884563684463501,,
88,,12799,0.6471804976463318,,
88,,12809,0.4744805097579956,,
88,,12819,0.23564651608467102,,
88,,12829,0.34632909297943115,,
88,,12839,0.4030225872993469,,
88,,12849,0.7994527816772461,,
88,,12859,0.29953575134277344,,
88,,12869,0.36736202239990234,,
88,,12879,0.4956129193305969,,
88,,12889,0.5238776803016663,,
88,,12899,0.262839138507843,,
88,,12904,,0.4069507122039795,3.5123040676116943
,0.0005859645501397043,12905,,,
89,,12909,0.3530668616294861,,
89,,12919,0.2846537232398987,,
89,,12929,0.30236586928367615,,
89,,12939,0.639139711856842,,
89,,12949,0.2141772210597992,,
89,,12959,0.11201092600822449,,
89,,12969,0.18893712759017944,,
89,,12979,0.19613385200500488,,
89,,12989,0.07025487720966339,,
89,,12999,0.26775234937667847,,
89,,13009,0.49154841899871826,,
89,,13019,0.9535691142082214,,
89,,13029,0.3409441113471985,,
89,,13039,0.4429803490638733,,
89,,13049,0.6961288452148438,,
89,,13049,,0.4079306721687317,3.6062917709350586
,0.000578217232520115,13050,,,
90,,13059,0.763043224811554,,
90,,13069,0.3392738997936249,,
90,,13079,0.3218103349208832,,
90,,13089,0.3405463993549347,,
90,,13099,0.23698601126670837,,
90,,13109,0.18144187331199646,,
90,,13119,0.24613244831562042,,
90,,13129,0.46376463770866394,,
90,,13139,0.36290645599365234,,
90,,13149,0.34297171235084534,,
90,,13159,0.2991922199726105,,
90,,13169,0.11094128340482712,,
90,,13179,0.3299071788787842,,
90,,13189,0.26529720425605774,,
90,,13194,,0.41315770149230957,3.886723041534424
,0.000570450615968791,13195,,,
91,,13199,0.8138367533683777,,
91,,13209,0.40606027841567993,,
91,,13219,0.26234138011932373,,
91,,13229,0.3170017600059509,,
91,,13239,0.10655657947063446,,
91,,13249,0.46617674827575684,,
91,,13259,0.4187794327735901,,
91,,13269,0.2715609669685364,,
91,,13279,0.5145178437232971,,
91,,13289,0.31191009283065796,,
91,,13299,0.36635422706604004,,
91,,13309,0.07147589325904846,,
91,,13319,0.18556112051010132,,
91,,13329,0.13647639751434326,,
91,,13339,0.1698305606842041,,
91,,13339,,0.4052402675151825,3.505791187286377
,0.0005626666167821518,13340,,,
92,,13349,0.3223519027233124,,
92,,13359,0.20794515311717987,,
92,,13369,0.04968126118183136,,
92,,13379,0.29363521933555603,,
92,,13389,0.6065269112586975,,
92,,13399,0.6333495378494263,,
92,,13409,0.3123801350593567,,
92,,13419,0.2521236538887024,,
92,,13429,0.5693534016609192,,
92,,13439,0.3115939497947693,,
92,,13449,0.5904756784439087,,
92,,13459,0.21070513129234314,,
92,,13469,0.269575834274292,,
92,,13479,0.0678882971405983,,
92,,13484,,0.4084867835044861,3.663661479949951
,0.0005548671555455222,13485,,,
93,,13489,0.17042864859104156,,
93,,13499,0.2253812849521637,,
93,,13509,0.47491705417633057,,
93,,13519,0.44686469435691833,,
93,,13529,0.054418839514255524,,
93,,13539,0.5434438586235046,,
93,,13549,0.2213730663061142,,
93,,13559,0.85993891954422,,
93,,13569,0.4866539239883423,,
93,,13579,1.0917139053344727,,
93,,13589,0.37360742688179016,,
93,,13599,0.9221930503845215,,
93,,13609,0.18945161998271942,,
93,,13619,0.20415395498275757,,
93,,13629,0.30582916736602783,,
93,,13629,,0.40021175146102905,3.8383233547210693
,0.0005470541566592567,13630,,,
94,,13639,1.159494161605835,,
94,,13649,0.42282092571258545,,
94,,13659,0.5839999318122864,,
94,,13669,0.3827493488788605,,
94,,13679,0.3969506025314331,,
94,,13689,1.1826146841049194,,
94,,13699,0.309280663728714,,
94,,13709,0.768502950668335,,
94,,13719,0.22857928276062012,,
94,,13729,0.34601086378097534,,
94,,13739,0.6246950626373291,,
94,,13749,0.33132925629615784,,
94,,13759,0.7078071236610413,,
94,,13769,0.051672764122486115,,
94,,13774,,0.4036100208759308,3.5088768005371094
,0.000539229547863922,13775,,,
95,,13779,0.6265153884887695,,
95,,13789,0.5215532779693604,,
95,,13799,0.17076636850833893,,
95,,13809,0.2010788917541504,,
95,,13819,0.19992168247699738,,
95,,13829,0.25150272250175476,,
95,,13839,0.607063353061676,,
95,,13849,0.4757901728153229,,
95,,13859,0.7203269004821777,,
95,,13869,0.3901917338371277,,
95,,13879,0.27543795108795166,,
95,,13889,0.15643276274204254,,
95,,13899,0.12467299401760101,,
95,,13909,0.6604928970336914,,
95,,13919,0.14101116359233856,,
95,,13919,,0.3991889953613281,3.584606885910034
,0.0005313952597646562,13920,,,
96,,13929,0.5445410013198853,,
96,,13939,0.11140148341655731,,
96,,13949,0.4733644425868988,,
96,,13959,0.3770222067832947,,
96,,13969,0.9834269285202026,,
96,,13979,0.3600851893424988,,
96,,13989,0.6308130025863647,,
96,,13999,0.2294076830148697,,
96,,14009,0.4712443947792053,,
96,,14019,0.35199013352394104,,
96,,14029,0.4463077187538147,,
96,,14039,0.5026389956474304,,
96,,14049,0.42981937527656555,,
96,,14059,0.106983482837677,,
96,,14064,,0.3980431854724884,3.868664026260376
,0.0005235532253548208,14065,,,
97,,14069,0.3847714960575104,,
97,,14079,0.9146013259887695,,
97,,14089,0.45637619495391846,,
97,,14099,1.2693942785263062,,
97,,14109,0.34430938959121704,,
97,,14119,0.20104160904884338,,
97,,14129,0.5475203990936279,,
97,,14139,0.44483882188796997,,
97,,14149,0.5454760789871216,,
97,,14159,0.20792445540428162,,
97,,14169,0.3646550178527832,,
97,,14179,0.4448367655277252,,
97,,14189,0.2880989611148834,,
97,,14199,0.2775399684906006,,
97,,14209,0.9523369073867798,,
97,,14209,,0.40505823493003845,3.848142147064209
,0.0005157053795390637,14210,,,
98,,14219,0.43162429332733154,,
98,,14229,0.22266411781311035,,
98,,14239,0.1365620642900467,,
98,,14249,0.5115762948989868,,
98,,14259,0.4775031805038452,,
98,,14269,0.10228390246629715,,
98,,14279,0.17669600248336792,,
98,,14289,0.21301564574241638,,
98,,14299,0.3251608610153198,,
98,,14309,1.8787018060684204,,
98,,14319,0.586875855922699,,
98,,14329,0.42411309480667114,,
98,,14339,1.0129868984222412,,
98,,14349,0.23265933990478516,,
98,,14354,,0.4038061499595642,3.69589900970459
,0.0005078536586559099,14355,,,
99,,14359,0.2932150661945343,,
99,,14369,0.3418217599391937,,
99,,14379,0.20713824033737183,,
99,,14389,0.7468130588531494,,
99,,14399,0.17941038310527802,,
99,,14409,0.37091198563575745,,
99,,14419,0.38015246391296387,,
99,,14429,0.4602070152759552,,
99,,14439,0.5483061671257019,,
99,,14449,0.36950433254241943,,
99,,14459,0.27617722749710083,,
99,,14469,0.19566237926483154,,
99,,14479,0.2936095893383026,,
99,,14489,0.2331380844116211,,
99,,14499,0.6651053428649902,,
99,,14499,,0.4033316969871521,3.3917884826660156
,0.0004999999999999996,14500,,,
100,,14509,0.2471916526556015,,
100,,14519,0.23731008172035217,,
100,,14529,0.07559128850698471,,
100,,14539,0.5512164831161499,,
100,,14549,0.11727384477853775,,
100,,14559,0.6953935623168945,,
100,,14569,0.5259743332862854,,
100,,14579,0.4335273206233978,,
100,,14589,0.29441699385643005,,
100,,14599,0.12373343110084534,,
100,,14609,0.3214358687400818,,
100,,14619,0.2943498492240906,,
100,,14629,0.2407383918762207,,
100,,14639,0.6313674449920654,,
100,,14644,,0.40218105912208557,3.497370481491089
,0.0004921463413440893,14645,,,
101,,14649,0.6723388433456421,,
101,,14659,0.33182233572006226,,
101,,14669,0.21666955947875977,,
101,,14679,0.31091949343681335,,
101,,14689,0.4377378523349762,,
101,,14699,0.3100683093070984,,
101,,14709,0.6808743476867676,,
101,,14719,0.0681908130645752,,
101,,14729,0.5331592559814453,,
101,,14739,0.6086854934692383,,
101,,14749,0.18311236798763275,,
101,,14759,0.2016752064228058,,
101,,14769,0.17436489462852478,,
101,,14779,0.6555346250534058,,
101,,14789,0.6043311953544617,,
101,,14789,,0.4005337953567505,3.6105153560638428
,0.0004842946204609354,14790,,,
102,,14799,0.44330835342407227,,
102,,14809,0.27060115337371826,,
102,,14819,0.19651350378990173,,
102,,14829,0.5763385891914368,,
102,,14839,0.5692965984344482,,
102,,14849,0.20087489485740662,,
102,,14859,0.5750226378440857,,
102,,14869,0.30864226818084717,,
102,,14879,0.23902615904808044,,
102,,14889,0.19435741007328033,,
102,,14899,0.10561811923980713,,
102,,14909,1.3435924053192139,,
102,,14919,0.211975559592247,,
102,,14929,0.34652382135391235,,
102,,14934,,0.39804404973983765,3.735335111618042
,0.00047644677464517824,14935,,,
103,,14939,0.20765681564807892,,
103,,14949,0.4865814447402954,,
103,,14959,0.16837136447429657,,
103,,14969,0.96588134765625,,
103,,14979,0.15036746859550476,,
103,,14989,0.6045256853103638,,
103,,14999,0.48854953050613403,,
103,,15009,0.6866438388824463,,
103,,15019,0.35434070229530334,,
103,,15029,0.668372631072998,,
103,,15039,0.2224038690328598,,
103,,15049,0.2536159157752991,,
103,,15059,0.5629409551620483,,
103,,15069,0.30573588609695435,,
103,,15079,0.13977311551570892,,
103,,15079,,0.3986428380012512,3.750471591949463
,0.00046860474023534287,15080,,,
104,,15089,0.6467989087104797,,
104,,15099,0.3274255394935608,,
104,,15109,0.587674617767334,,
104,,15119,0.22701618075370789,,
104,,15129,0.441555917263031,,
104,,15139,0.44157740473747253,,
104,,15149,0.11236920952796936,,
104,,15159,0.6031704545021057,,
104,,15169,0.19370147585868835,,
104,,15179,0.2501413822174072,,
104,,15189,0.4633639454841614,,
104,,15199,0.1229490265250206,,
104,,15209,0.32499706745147705,,
104,,15219,0.4488118886947632,,
104,,15224,,0.4048413038253784,3.5374934673309326
,0.00046077045213607716,15225,,,
105,,15229,0.08297238498926163,,
105,,15239,0.3359471261501312,,
105,,15249,0.3095308542251587,,
105,,15259,0.12931779026985168,,
105,,15269,0.13308843970298767,,
105,,15279,0.5015788078308105,,
105,,15289,0.39443010091781616,,
105,,15299,0.10764136910438538,,
105,,15309,0.22296097874641418,,
105,,15319,0.6058380603790283,,
105,,15329,0.4571166932582855,,
105,,15339,0.8489922285079956,,
105,,15349,0.3825608491897583,,
105,,15359,0.5783635973930359,,
105,,15369,0.39949214458465576,,
105,,15369,,0.40083810687065125,3.3994274139404297
,0.0004529458433407424,15370,,,
106,,15379,0.3039878010749817,,
106,,15389,0.06124024838209152,,
106,,15399,0.20511341094970703,,
106,,15409,0.25685298442840576,,
106,,15419,0.29269400238990784,,
106,,15429,0.36171308159828186,,
106,,15439,0.19086384773254395,,
106,,15449,0.3499335050582886,,
106,,15459,0.5469764471054077,,
106,,15469,0.2802537679672241,,
106,,15479,0.784552276134491,,
106,,15489,1.2179653644561768,,
106,,15499,0.24904343485832214,,
106,,15509,0.5261361598968506,,
106,,15514,,0.39921092987060547,3.4349052906036377
,0.000445132844454477,15515,,,
107,,15519,0.3901587724685669,,
107,,15529,0.25814691185951233,,
107,,15539,0.7047256231307983,,
107,,15549,0.2765346169471741,,
107,,15559,0.15486109256744385,,
107,,15569,0.14598530530929565,,
107,,15579,0.3086412847042084,,
107,,15589,0.2429090440273285,,
107,,15599,0.2371501475572586,,
107,,15609,0.35655465722084045,,
107,,15619,0.17895722389221191,,
107,,15629,0.46877726912498474,,
107,,15639,0.3178728222846985,,
107,,15649,0.7112683653831482,,
107,,15659,0.07753676176071167,,
107,,15659,,0.3983234763145447,3.4589664936065674
,0.0004373333832178475,15660,,,
108,,15669,0.5283895134925842,,
108,,15679,0.5596686005592346,,
108,,15689,0.8283419609069824,,
108,,15699,0.3358622193336487,,
108,,15709,0.9433101415634155,,
108,,15719,0.31550025939941406,,
108,,15729,0.510823130607605,,
108,,15739,0.34271296858787537,,
108,,15749,0.11853288859128952,,
108,,15759,0.5169814825057983,,
108,,15769,0.07465523481369019,,
108,,15779,0.2684746980667114,,
108,,15789,0.19099891185760498,,
108,,15799,0.17341770231723785,,
108,,15804,,0.4012502133846283,3.642876386642456
,0.0004295493840312084,15805,,,
109,,15809,0.741359531879425,,
109,,15819,0.09139767289161682,,
109,,15829,0.2926497459411621,,
109,,15839,0.6128321886062622,,
109,,15849,0.6044602394104004,,
109,,15859,0.4474852979183197,,
109,,15869,0.4002145528793335,,
109,,15879,0.30402281880378723,,
109,,15889,0.4608341455459595,,
109,,15899,0.5947884917259216,,
109,,15909,0.10528522729873657,,
109,,15919,0.362391859292984,,
109,,15929,0.17571687698364258,,
109,,15939,0.9380621910095215,,
109,,15949,0.22065439820289612,,
109,,15949,,0.40345391631126404,3.4843363761901855
,0.0004217827674798842,15950,,,
110,,15959,0.6262650489807129,,
110,,15969,0.6750400066375732,,
110,,15979,0.316780686378479,,
110,,15989,0.285866379737854,,
110,,15999,0.16989666223526,,
110,,16009,0.43120190501213074,,
110,,16019,0.15676720440387726,,
110,,16029,0.4273868799209595,,
110,,16039,0.5500388741493225,,
110,,16049,0.1804787516593933,,
110,,16059,0.37343448400497437,,
110,,16069,0.18759223818778992,,
110,,16079,0.5168924331665039,,
110,,16089,0.40287110209465027,,
110,,16094,,0.3974856436252594,3.4472920894622803
,0.00041403544986029484,16095,,,
111,,16099,0.461307168006897,,
111,,16109,0.1586117148399353,,
111,,16119,0.8180229067802429,,
111,,16129,0.40590164065361023,,
111,,16139,1.2504359483718872,,
111,,16149,0.15029315650463104,,
111,,16159,0.2808327078819275,,
111,,16169,0.2032938450574875,,
111,,16179,0.35364851355552673,,
111,,16189,0.3300265669822693,,
111,,16199,0.2862693965435028,,
111,,16209,0.8616552948951721,,
111,,16219,0.3766116499900818,,
111,,16229,0.08908365666866302,,
111,,16239,0.24371571838855743,,
111,,16239,,0.39830151200294495,3.4720585346221924
,0.0004063093427071374,16240,,,
112,,16249,0.29207077622413635,,
112,,16259,0.5896520018577576,,
112,,16269,0.12783636152744293,,
112,,16279,0.31820476055145264,,
112,,16289,0.4882018566131592,,
112,,16299,0.33147794008255005,,
112,,16309,0.288889080286026,,
112,,16319,0.2287813276052475,,
112,,16329,0.17022021114826202,,
112,,16339,0.34302783012390137,,
112,,16349,0.19996196031570435,,
112,,16359,0.14493915438652039,,
112,,16369,0.4993976950645447,,
112,,16379,0.5432090759277344,,
112,,16384,,0.39847296476364136,3.9683942794799805
,0.00039860635232174353,16385,,,
113,,16389,0.30626821517944336,,
113,,16399,0.2788463830947876,,
113,,16409,0.29107531905174255,,
113,,16419,0.4203581213951111,,
113,,16429,0.2729766070842743,,
113,,16439,0.7991406917572021,,
113,,16449,1.1262133121490479,,
113,,16459,0.702458381652832,,
113,,16469,0.7501903176307678,,
113,,16479,0.17298603057861328,,
113,,16489,0.25830671191215515,,
113,,16499,0.3684549331665039,,
113,,16509,0.7991068363189697,,
113,,16519,0.20527860522270203,,
113,,16529,0.20300865173339844,,
113,,16529,,0.3985145390033722,3.6505563259124756
,0.0003909283793017286,16530,,,
114,,16539,0.26464778184890747,,
114,,16549,0.31365329027175903,,
114,,16559,0.4881531000137329,,
114,,16569,0.8415411710739136,,
114,,16579,0.057444002479314804,,
114,,16589,0.30739492177963257,,
114,,16599,0.40490207076072693,,
114,,16609,0.8433294892311096,,
114,,16619,0.41307777166366577,,
114,,16629,0.24144157767295837,,
114,,16639,0.1780703067779541,,
114,,16649,0.2913462221622467,,
114,,16659,0.19779260456562042,,
114,,16669,0.2269921600818634,,
114,,16674,,0.40003058314323425,3.3763482570648193
,0.000383277318072047,16675,,,
115,,16679,0.8463931083679199,,
115,,16689,0.16532044112682343,,
115,,16699,0.7146308422088623,,
115,,16709,0.4120469391345978,,
115,,16719,0.04394154995679855,,
115,,16729,0.1759309470653534,,
115,,16739,0.7903228402137756,,
115,,16749,0.803224503993988,,
115,,16759,0.19435971975326538,,
115,,16769,0.6787356734275818,,
115,,16779,0.5161302089691162,,
115,,16789,0.5896129608154297,,
115,,16799,0.7074950933456421,,
115,,16809,0.29814624786376953,,
115,,16819,0.1159457191824913,,
115,,16819,,0.39383044838905334,3.6207265853881836
,0.00037565505641757235,16820,,,
116,,16829,0.33007970452308655,,
116,,16839,0.42747530341148376,,
116,,16849,0.21700626611709595,,
116,,16859,0.11174492537975311,,
116,,16869,0.6326852440834045,,
116,,16879,0.5062380433082581,,
116,,16889,0.057504624128341675,,
116,,16899,0.03231941908597946,,
116,,16909,0.09116046130657196,,
116,,16919,0.2814839482307434,,
116,,16929,0.802623450756073,,
116,,16939,0.451987087726593,,
116,,16949,0.38101208209991455,,
116,,16959,0.34688901901245117,,
116,,16964,,0.39425021409988403,3.5706911087036133
,0.0003680634750173133,16965,,,
117,,16969,0.45648276805877686,,
117,,16979,0.04357188194990158,,
117,,16989,0.21560919284820557,,
117,,16999,0.30250927805900574,,
117,,17009,0.3476080298423767,,
117,,17019,0.34450143575668335,,
117,,17029,0.215263232588768,,
117,,17039,0.5250487923622131,,
117,,17049,0.39825329184532166,,
117,,17059,0.36450886726379395,,
117,,17069,0.3750953674316406,,
117,,17079,0.1784971058368683,,
117,,17089,0.34251925349235535,,
117,,17099,0.316581130027771,,
117,,17109,0.9720792174339294,,
117,,17109,,0.39342448115348816,3.880856513977051
,0.00036050444698038515,17110,,,
118,,17119,0.2405586838722229,,
118,,17129,0.05521757900714874,,
118,,17139,1.0087265968322754,,
118,,17149,0.64974445104599,,
118,,17159,0.24773916602134705,,
118,,17169,0.2926672399044037,,
118,,17179,0.34587788581848145,,
118,,17189,0.634173572063446,,
118,,17199,0.2319832444190979,,
118,,17209,0.8111338019371033,,
118,,17219,0.6656691431999207,,
118,,17229,0.7215492129325867,,
118,,17239,0.2237979769706726,,
118,,17249,0.192446768283844,,
118,,17254,,0.39596131443977356,3.4475719928741455
,0.0003529798373838478,17255,,,
119,,17259,0.06887305527925491,,
119,,17269,0.5059738755226135,,
119,,17279,0.4323670566082001,,
119,,17289,0.16556131839752197,,
119,,17299,0.5960977673530579,,
119,,17309,0.8740625381469727,,
119,,17319,0.6217828989028931,,
119,,17329,0.20896977186203003,,
119,,17339,0.24257080256938934,,
119,,17349,1.0121121406555176,,
119,,17359,0.22517427802085876,,
119,,17369,0.17665040493011475,,
119,,17379,0.4107377231121063,,
119,,17389,0.4386696219444275,,
119,,17399,0.66229248046875,,
119,,17399,,0.3916824162006378,3.668961763381958
,0.0003454915028125262,17400,,,
120,,17409,0.17984971404075623,,
120,,17419,0.5585148930549622,,
120,,17429,0.25843971967697144,,
120,,17439,0.14858606457710266,,
120,,17449,0.6921602487564087,,
120,,17459,0.057238951325416565,,
120,,17469,0.398005872964859,,
120,,17479,0.7356512546539307,,
120,,17489,0.3851841688156128,,
120,,17499,0.16810211539268494,,
120,,17509,1.0032331943511963,,
120,,17519,0.11838209629058838,,
120,,17529,0.17829012870788574,,
120,,17539,0.3267979323863983,,
120,,17544,,0.39250853657722473,3.578908681869507
,0.00033804129090092506,17545,,,
121,,17549,0.8223491907119751,,
121,,17559,0.6554556488990784,,
121,,17569,0.501670241355896,,
121,,17579,0.41979241371154785,,
121,,17589,0.24562041461467743,,
121,,17599,0.9930022358894348,,
121,,17609,0.6314790844917297,,
121,,17619,0.3207053542137146,,
121,,17629,1.0938878059387207,,
121,,17639,0.2739453613758087,,
121,,17649,0.5158735513687134,,
121,,17659,0.10805066674947739,,
121,,17669,0.8177474737167358,,
121,,17679,0.2959570288658142,,
121,,17689,0.38000258803367615,,
121,,17689,,0.3934796154499054,3.5794332027435303
,0.0003306310398773541,17690,,,
122,,17699,0.24665510654449463,,
122,,17709,0.30350780487060547,,
122,,17719,0.4923534095287323,,
122,,17729,0.04769802466034889,,
122,,17739,0.4497312903404236,,
122,,17749,0.2659139633178711,,
122,,17759,0.2788253724575043,,
122,,17769,0.8384233713150024,,
122,,17779,0.17091503739356995,,
122,,17789,0.41138628125190735,,
122,,17799,0.08610186725854874,,
122,,17809,0.20831264555454254,,
122,,17819,0.1687137335538864,,
122,,17829,0.22443847358226776,,
122,,17834,,0.392546147108078,3.5058305263519287
,0.00032326257811037126,17835,,,
123,,17839,0.4671381711959839,,
123,,17849,0.12624655663967133,,
123,,17859,0.7978357672691345,,
123,,17869,0.4448353350162506,,
123,,17879,0.17662616074085236,,
123,,17889,0.5636571645736694,,
123,,17899,0.44064319133758545,,
123,,17909,0.20374241471290588,,
123,,17919,0.4884551763534546,,
123,,17929,0.08588708937168121,,
123,,17939,0.19736348092556,,
123,,17949,0.7936166524887085,,
123,,17959,0.17236515879631042,,
123,,17969,0.28124579787254333,,
123,,17979,1.3259705305099487,,
123,,17979,,0.39389145374298096,3.453187942504883
,0.0003159377236576609,17980,,,
124,,17989,0.2504960298538208,,
124,,17999,0.18831506371498108,,
124,,18009,0.3028434216976166,,
124,,18019,0.2569657266139984,,
124,,18029,0.20451205968856812,,
124,,18039,0.21528607606887817,,
124,,18049,0.09091611206531525,,
124,,18059,0.38517630100250244,,
124,,18069,0.34067481756210327,,
124,,18079,0.37325361371040344,,
124,,18089,0.7382107377052307,,
124,,18099,0.4071844220161438,,
124,,18109,0.9300745725631714,,
124,,18119,0.30651217699050903,,
124,,18124,,0.3920372724533081,3.758141040802002
,0.000308658283817455,18125,,,
125,,18129,0.2870103120803833,,
125,,18139,0.6186559200286865,,
125,,18149,0.7620139122009277,,
125,,18159,0.1968679130077362,,
125,,18169,1.3742059469223022,,
125,,18179,0.32726919651031494,,
125,,18189,0.39740779995918274,,
125,,18199,0.6183829307556152,,
125,,18209,0.20391282439231873,,
125,,18219,0.05557357147336006,,
125,,18229,0.5157282948493958,,
125,,18239,0.25968801975250244,,
125,,18249,0.045286986976861954,,
125,,18259,0.19458884000778198,,
125,,18269,0.3432462215423584,,
125,,18269,,0.3952654302120209,3.429291009902954
,0.0003014260546826094,18270,,,
126,,18279,0.2581217885017395,,
126,,18289,0.3639761805534363,,
126,,18299,0.7487049102783203,,
126,,18309,0.13201682269573212,,
126,,18319,0.46233069896698,,
126,,18329,0.13060444593429565,,
126,,18339,0.5374855995178223,,
126,,18349,0.7116048336029053,,
126,,18359,0.0511559396982193,,
126,,18369,0.8231737613677979,,
126,,18379,0.39433521032333374,,
126,,18389,0.2974627614021301,,
126,,18399,0.16690488159656525,,
126,,18409,0.026451468467712402,,
126,,18414,,0.3923983871936798,3.5106539726257324
,0.0002942428206974454,18415,,,
127,,18419,0.236060231924057,,
127,,18429,0.6089941263198853,,
127,,18439,0.27839601039886475,,
127,,18449,0.06996197253465652,,
127,,18459,0.4360547959804535,,
127,,18469,0.3971426784992218,,
127,,18479,0.7809442281723022,,
127,,18489,0.28891950845718384,,
127,,18499,0.22550083696842194,,
127,,18509,0.22341838479042053,,
127,,18519,0.5359179973602295,,
127,,18529,0.42893552780151367,,
127,,18539,0.33114033937454224,,
127,,18549,0.5340031385421753,,
127,,18559,0.03412909433245659,,
127,,18559,,0.3959881365299225,3.3778858184814453
,0.00028711035421746345,18560,,,
128,,18569,1.6528434753417969,,
128,,18579,0.5335205793380737,,
128,,18589,0.6155529618263245,,
128,,18599,0.3630066215991974,,
128,,18609,0.44097232818603516,,
128,,18619,0.6144230961799622,,
128,,18629,0.17107583582401276,,
128,,18639,0.37974658608436584,,
128,,18649,0.39372140169143677,,
128,,18659,0.34940481185913086,,
128,,18669,0.8286095857620239,,
128,,18679,0.3883714973926544,,
128,,18689,0.25499334931373596,,
128,,18699,0.13444125652313232,,
128,,18704,,0.3936848044395447,3.4386892318725586
,0.0002800304150720422,18705,,,
129,,18709,0.3760673403739929,,
129,,18719,0.10467563569545746,,
129,,18729,0.15662553906440735,,
129,,18739,0.06606224179267883,,
129,,18749,0.3201271891593933,,
129,,18759,0.5411007404327393,,
129,,18769,0.23436981439590454,,
129,,18779,0.45873069763183594,,
129,,18789,1.2977190017700195,,
129,,18799,0.9809938669204712,,
129,,18809,0.07471685111522675,,
129,,18819,0.1757773607969284,,
129,,18829,0.1466894894838333,,
129,,18839,0.33640193939208984,,
129,,18849,0.6540057063102722,,
129,,18849,,0.3957539498806,3.382863998413086
,0.0002730047501302264,18850,,,
130,,18859,0.626235842704773,,
130,,18869,1.2470693588256836,,
130,,18879,0.8097502589225769,,
130,,18889,0.48337289690971375,,
130,,18899,0.18577975034713745,,
130,,18909,0.26444146037101746,,
130,,18919,0.3185547888278961,,
130,,18929,0.4049910306930542,,
130,,18939,0.21562784910202026,,
130,,18949,1.278845191001892,,
130,,18959,0.059752680361270905,,
130,,18969,0.24334873259067535,,
130,,18979,0.4197622239589691,,
130,,18989,0.1901123821735382,,
130,,18994,,0.3915560245513916,3.543186664581299
,0.0002660350928697132,18995,,,
131,,18999,0.20212985575199127,,
131,,19009,0.1960631012916565,,
131,,19019,0.0861591026186943,,
131,,19029,0.08507327735424042,,
131,,19039,0.3653116226196289,,
131,,19049,0.25014597177505493,,
131,,19059,0.05679159611463547,,
131,,19069,0.2914493680000305,,
131,,19079,0.29507794976234436,,
131,,19089,0.33780670166015625,,
131,,19099,0.2978820502758026,,
131,,19109,1.5237603187561035,,
131,,19119,0.27285832166671753,,
131,,19129,0.7076416611671448,,
131,,19139,0.020432909950613976,,
131,,19139,,0.39434194564819336,3.3475019931793213
,0.0002591231629491421,19140,,,
132,,19149,0.45157110691070557,,
132,,19159,0.453551709651947,,
132,,19169,0.09373189508914948,,
132,,19179,0.1574268639087677,,
132,,19189,0.598641037940979,,
132,,19199,0.2465706467628479,,
132,,19209,0.3079123795032501,,
132,,19219,0.34838205575942993,,
132,,19229,0.8443527221679688,,
132,,19239,0.06524831056594849,,
132,,19249,0.17521971464157104,,
132,,19259,1.2325568199157715,,
132,,19269,0.39007577300071716,,
132,,19279,0.5465955138206482,,
132,,19284,,0.3939228951931,3.3955957889556885
,0.00025227066578379596,19285,,,
133,,19289,0.2936701774597168,,
133,,19299,0.17654021084308624,,
133,,19309,0.3556469678878784,,
133,,19319,0.07005544006824493,,
133,,19329,0.39524760842323303,,
133,,19339,0.1788838505744934,,
133,,19349,0.18056651949882507,,
133,,19359,0.32838061451911926,,
133,,19369,0.48660945892333984,,
133,,19379,0.17691725492477417,,
133,,19389,0.12128090113401413,,
133,,19399,0.2409006655216217,,
133,,19409,0.3004889488220215,,
133,,19419,0.6494105458259583,,
133,,19429,0.29557308554649353,,
133,,19429,,0.39385998249053955,3.373103618621826
,0.0002454792921248141,19430,,,
134,,19439,0.39170128107070923,,
134,,19449,0.2895333766937256,,
134,,19459,0.09398426115512848,,
134,,19469,0.5693378448486328,,
134,,19479,0.3000122308731079,,
134,,19489,0.27294954657554626,,
134,,19499,0.20479857921600342,,
134,,19509,0.3809664249420166,,
134,,19519,0.5358788967132568,,
134,,19529,0.2042543590068817,,
134,,19539,0.3427928388118744,,
134,,19549,0.3226800560951233,,
134,,19559,0.16242218017578125,,
134,,19569,0.26728355884552,,
134,,19574,,0.39014554023742676,3.5037331581115723
,0.00023875071764202534,19575,,,
135,,19579,0.39141136407852173,,
135,,19589,0.5931398272514343,,
135,,19599,0.1695757955312729,,
135,,19609,0.05087906867265701,,
135,,19619,0.483672559261322,,
135,,19629,0.7943395972251892,,
135,,19639,0.6015713214874268,,
135,,19649,0.11343836784362793,,
135,,19659,0.16755150258541107,,
135,,19669,0.22927288711071014,,
135,,19679,0.4582679867744446,,
135,,19689,0.41258206963539124,,
135,,19699,0.28078997135162354,,
135,,19709,0.37389254570007324,,
135,,19719,0.016028661280870438,,
135,,19719,,0.3893031179904938,3.6123785972595215
,0.0002320866025105013,19720,,,
136,,19729,0.062266211956739426,,
136,,19739,0.6885675191879272,,
136,,19749,0.7798062562942505,,
136,,19759,0.2490769922733307,,
136,,19769,0.46979427337646484,,
136,,19779,0.23867729306221008,,
136,,19789,0.39028501510620117,,
136,,19799,0.10929688811302185,,
136,,19809,0.496136873960495,,
136,,19819,0.3084254860877991,,
136,,19829,0.35327833890914917,,
136,,19839,0.8462933301925659,,
136,,19849,0.24404214322566986,,
136,,19859,0.2861056327819824,,
136,,19864,,0.39169415831565857,3.4432575702667236
,0.0002254885910009338,19865,,,
137,,19869,0.1535070538520813,,
137,,19879,0.06807892769575119,,
137,,19889,0.38551780581474304,,
137,,19899,0.39108747243881226,,
137,,19909,0.7265103459358215,,
137,,19919,0.20205466449260712,,
137,,19929,0.48637518286705017,,
137,,19939,0.2704951763153076,,
137,,19949,0.23278969526290894,,
137,,19959,0.1378074735403061,,
137,,19969,0.4037981629371643,,
137,,19979,0.6453189849853516,,
137,,19989,0.2982569932937622,,
137,,19999,0.33086642622947693,,
137,,20009,0.06701187789440155,,
137,,20009,,0.3901021480560303,3.4495720863342285
,0.0002189583110739344,20010,,,
138,,20019,0.16089904308319092,,
138,,20029,0.21699851751327515,,
138,,20039,0.37141886353492737,,
138,,20049,0.9900553226470947,,
138,,20059,0.5547436475753784,,
138,,20069,0.7167905569076538,,
138,,20079,0.43697357177734375,,
138,,20089,0.2156013697385788,,
138,,20099,0.5064142346382141,,
138,,20109,0.14457574486732483,,
138,,20119,0.3015221357345581,,
138,,20129,0.8231411576271057,,
138,,20139,0.11106441915035248,,
138,,20149,0.15874993801116943,,
138,,20154,,0.3948347866535187,3.3426566123962402
,0.00021249737397836048,20155,,,
139,,20159,0.39646804332733154,,
139,,20169,0.11021251976490021,,
139,,20179,0.13413000106811523,,
139,,20189,0.14140135049819946,,
139,,20199,0.1831158995628357,,
139,,20209,0.2749785780906677,,
139,,20219,0.4993470311164856,,
139,,20229,0.3134879171848297,,
139,,20239,0.710364580154419,,
139,,20249,0.24028605222702026,,
139,,20259,0.28076329827308655,,
139,,20269,0.465481162071228,,
139,,20279,0.21344967186450958,,
139,,20289,0.17089234292507172,,
139,,20299,0.2573920488357544,,
139,,20299,,0.39036065340042114,3.404963731765747
,0.00020610737385376327,20300,,,
140,,20309,0.9461668133735657,,
140,,20319,0.25592637062072754,,
140,,20329,0.15232516825199127,,
140,,20339,0.2418922632932663,,
140,,20349,0.7041442394256592,,
140,,20359,1.4755531549453735,,
140,,20369,0.6834514141082764,,
140,,20379,0.34148576855659485,,
140,,20389,0.14042066037654877,,
140,,20399,0.5526813864707947,,
140,,20409,0.5697120428085327,,
140,,20419,0.18371132016181946,,
140,,20429,0.23228393495082855,,
140,,20439,0.8049330711364746,,
140,,20444,,0.39013755321502686,3.3861725330352783
,0.00019978988733705783,20445,,,
141,,20449,0.46105414628982544,,
141,,20459,0.39241209626197815,,
141,,20469,0.519415020942688,,
141,,20479,0.4618435502052307,,
141,,20489,1.0514534711837769,,
141,,20499,0.06881807744503021,,
141,,20509,0.9790139198303223,,
141,,20519,0.4997231960296631,,
141,,20529,0.4007193148136139,,
141,,20539,0.6500955820083618,,
141,,20549,0.6432710289955139,,
141,,20559,0.22228531539440155,,
141,,20569,0.3041454255580902,,
141,,20579,0.16369196772575378,,
141,,20589,1.0852668285369873,,
141,,20589,,0.39164766669273376,3.3538365364074707
,0.00019354647317351147,20590,,,
142,,20599,0.45873433351516724,,
142,,20609,0.5597962737083435,,
142,,20619,0.4062158167362213,,
142,,20629,0.23534469306468964,,
142,,20639,0.2664276957511902,,
142,,20649,0.21356342732906342,,
142,,20659,0.2053109109401703,,
142,,20669,0.26607567071914673,,
142,,20679,0.04877116531133652,,
142,,20689,0.7344875335693359,,
142,,20699,0.28666770458221436,,
142,,20709,0.15874707698822021,,
142,,20719,0.05320589616894722,,
142,,20729,0.36954766511917114,,
142,,20734,,0.3887545168399811,3.467298984527588
,0.00018737867183214719,20735,,,
143,,20739,0.6747754812240601,,
143,,20749,0.5128737092018127,,
143,,20759,0.4123672842979431,,
143,,20769,0.2529626786708832,,
143,,20779,0.09373471140861511,,
143,,20789,0.2450646013021469,,
143,,20799,0.1360568106174469,,
143,,20809,0.7736612558364868,,
143,,20819,0.20550116896629333,,
143,,20829,0.23743169009685516,,
143,,20839,0.1979886144399643,,
143,,20849,0.8362856507301331,,
143,,20859,0.10234150290489197,,
143,,20869,0.2823689579963684,,
143,,20879,0.015183870680630207,,
143,,20879,,0.3898662030696869,3.378526449203491
,0.0001812880051256549,20880,,,
144,,20889,0.24387283623218536,,
144,,20899,0.48337072134017944,,
144,,20909,0.5300611853599548,,
144,,20919,0.7449489235877991,,
144,,20929,0.38581517338752747,,
144,,20939,0.3087574541568756,,
144,,20949,0.11368881165981293,,
144,,20959,0.5921517610549927,,
144,,20969,0.415033221244812,,
144,,20979,0.33324959874153137,,
144,,20989,0.4763607382774353,,
144,,20999,0.38129425048828125,,
144,,21009,0.39882364869117737,,
144,,21019,0.24893677234649658,,
144,,21024,,0.3910885751247406,3.3419435024261475
,0.00017527597583490801,21025,,,
145,,21029,0.15446925163269043,,
145,,21039,0.22370003163814545,,
145,,21049,0.21857880055904388,,
145,,21059,0.0670534297823906,,
145,,21069,0.6044229865074158,,
145,,21079,0.19149121642112732,,
145,,21089,0.6788076758384705,,
145,,21099,0.3585037589073181,,
145,,21109,0.29803699254989624,,
145,,21119,0.06979560106992722,,
145,,21129,0.044176340103149414,,
145,,21139,0.7386547327041626,,
145,,21149,0.1951468586921692,,
145,,21159,1.1043543815612793,,
145,,21169,0.004520296584814787,,
145,,21169,,0.38877397775650024,3.429922580718994
,0.00016934406733817395,21170,,,
146,,21179,0.687657356262207,,
146,,21189,0.2402953803539276,,
146,,21199,0.4558832347393036,,
146,,21209,0.3034229278564453,,
146,,21219,0.3202981948852539,,
146,,21229,0.3775732219219208,,
146,,21239,0.05533980205655098,,
146,,21249,0.20108038187026978,,
146,,21259,0.2140807807445526,,
146,,21269,1.2446470260620117,,
146,,21279,0.5557872653007507,,
146,,21289,0.1212158203125,,
146,,21299,0.22863984107971191,,
146,,21309,0.16303551197052002,,
146,,21314,,0.38903412222862244,3.4733593463897705
,0.0001634937432451131,21315,,,
147,,21319,0.21392875909805298,,
147,,21329,0.13025718927383423,,
147,,21339,0.46865975856781006,,
147,,21349,0.3353385329246521,,
147,,21359,0.1434595137834549,,
147,,21369,0.059262439608573914,,
147,,21379,0.3672633171081543,,
147,,21389,0.42094025015830994,,
147,,21399,0.2949589192867279,,
147,,21409,0.2011907696723938,,
147,,21419,1.186570644378662,,
147,,21429,0.41658133268356323,,
147,,21439,0.37499696016311646,,
147,,21449,0.915555477142334,,
147,,21459,0.0010992189636453986,,
147,,21459,,0.3893692195415497,3.370864152908325
,0.00015772644703565544,21460,,,
148,,21469,0.5159230828285217,,
148,,21479,0.4095405638217926,,
148,,21489,0.4377191662788391,,
148,,21499,0.4084566831588745,,
148,,21509,0.29059112071990967,,
148,,21519,0.14940686523914337,,
148,,21529,0.056505680084228516,,
148,,21539,0.42284101247787476,,
148,,21549,0.36964720487594604,,
148,,21559,0.10169948637485504,,
148,,21569,0.2919941842556,,
148,,21579,0.22397203743457794,,
148,,21589,0.16949397325515747,,
148,,21599,0.4033508002758026,,
148,,21604,,0.3888212740421295,3.3506157398223877
,0.00015204360170384266,21605,,,
149,,21609,0.2707985043525696,,
149,,21619,0.11009421944618225,,
149,,21629,0.25309205055236816,,
149,,21639,0.5324038863182068,,
149,,21649,0.4160895049571991,,
149,,21659,0.27136942744255066,,
149,,21669,0.062422193586826324,,
149,,21679,0.3748597800731659,,
149,,21689,0.6469272375106812,,
149,,21699,0.19633762538433075,,
149,,21709,0.14494922757148743,,
149,,21719,0.3196864724159241,,
149,,21729,0.37616753578186035,,
149,,21739,0.6764453649520874,,
149,,21749,1.0345512628555298,,
149,,21749,,0.3880288898944855,3.4262771606445312
,0.0001464466094067261,21750,,,
150,,21759,0.3407871127128601,,
150,,21769,1.5069520473480225,,
150,,21779,0.11797193437814713,,
150,,21789,0.6013712882995605,,
150,,21799,0.3054242730140686,,
150,,21809,0.14313402771949768,,
150,,21819,0.1177780032157898,,
150,,21829,0.28484687209129333,,
150,,21839,0.19863496720790863,,
150,,21849,0.15724042057991028,,
150,,21859,0.3921639621257782,,
150,,21869,0.36390426754951477,,
150,,21879,0.6359795331954956,,
150,,21889,0.6417484879493713,,
150,,21894,,0.38756063580513,3.504225254058838
,0.00014093685111840547,21895,,,
151,,21899,0.15442626178264618,,
151,,21909,0.23602265119552612,,
151,,21919,0.77789306640625,,
151,,21929,0.5932958126068115,,
151,,21939,0.6280423402786255,,
151,,21949,0.0853717029094696,,
151,,21959,0.538821816444397,,
151,,21969,0.3590759038925171,,
151,,21979,0.28398486971855164,,
151,,21989,0.2563311457633972,,
151,,21999,0.3256707787513733,,
151,,22009,1.1030769348144531,,
151,,22019,0.26806098222732544,,
151,,22029,0.46912306547164917,,
151,,22039,0.0012787884334102273,,
151,,22039,,0.3876136243343353,3.5629889965057373
,0.00013551568628929414,22040,,,
152,,22049,0.5006595849990845,,
152,,22059,0.2264045774936676,,
152,,22069,0.54786616563797,,
152,,22079,0.42005735635757446,,
152,,22089,0.29511088132858276,,
152,,22099,0.4059012830257416,,
152,,22109,0.5373739004135132,,
152,,22119,0.2624950408935547,,
152,,22129,0.60256427526474,,
152,,22139,0.3181609511375427,,
152,,22149,0.41278645396232605,,
152,,22159,0.32681912183761597,,
152,,22169,0.09400944411754608,,
152,,22179,0.22690671682357788,,
152,,22184,,0.38963332772254944,3.3168437480926514
,0.00013018445251069492,22185,,,
153,,22189,0.1399519294500351,,
153,,22199,0.34899041056632996,,
153,,22209,0.9015063643455505,,
153,,22219,0.16445696353912354,,
153,,22229,0.6657351851463318,,
153,,22239,0.31743836402893066,,
153,,22249,0.7226384282112122,,
153,,22259,0.20148803293704987,,
153,,22269,0.23869797587394714,,
153,,22279,0.4360233247280121,,
153,,22289,0.2799058258533478,,
153,,22299,0.08563561737537384,,
153,,22309,0.3179137706756592,,
153,,22319,0.3717690110206604,,
153,,22329,0.23753271996974945,,
153,,22329,,0.3881654143333435,3.4129960536956787
,0.00012494446518477003,22330,,,
154,,22339,0.9370425343513489,,
154,,22349,0.12100303918123245,,
154,,22359,0.11892038583755493,,
154,,22369,0.5192287564277649,,
154,,22379,0.4197653830051422,,
154,,22389,1.3077160120010376,,
154,,22399,0.41210612654685974,,
154,,22409,0.2171066552400589,,
154,,22419,0.16811728477478027,,
154,,22429,0.09980680793523788,,
154,,22439,0.5319423675537109,,
154,,22449,0.8398981094360352,,
154,,22459,0.9087317585945129,,
154,,22469,0.6781270503997803,,
154,,22474,,0.388818621635437,3.3235983848571777
,0.00011979701719998438,22475,,,
155,,22479,0.949580192565918,,
155,,22489,0.2909463346004486,,
155,,22499,0.25912970304489136,,
155,,22509,0.401793509721756,,
155,,22519,0.4543052315711975,,
155,,22529,0.5016486644744873,,
155,,22539,0.38900241255760193,,
155,,22549,0.6932626962661743,,
155,,22559,0.7561130523681641,,
155,,22569,0.13174787163734436,,
155,,22579,0.6231544017791748,,
155,,22589,0.25838273763656616,,
155,,22599,0.4762952923774719,,
155,,22609,0.2069152593612671,,
155,,22619,0.14619110524654388,,
155,,22619,,0.3881070017814636,3.336440086364746
,0.00011474337861210527,22620,,,
156,,22629,0.4205164909362793,,
156,,22639,0.12282180786132812,,
156,,22649,0.14789116382598877,,
156,,22659,0.6407971382141113,,
156,,22669,0.435531347990036,,
156,,22679,0.4321061968803406,,
156,,22689,0.5816903114318848,,
156,,22699,0.4271143674850464,,
156,,22709,0.8786654472351074,,
156,,22719,0.4237212538719177,,
156,,22729,0.3110847771167755,,
156,,22739,0.5185616612434387,,
156,,22749,0.7365115284919739,,
156,,22759,0.15398311614990234,,
156,,22764,,0.38814395666122437,3.344799757003784
,0.00010978479633083506,22765,,,
157,,22769,0.11945833265781403,,
157,,22779,0.1880805343389511,,
157,,22789,0.20326411724090576,,
157,,22799,0.3100670874118805,,
157,,22809,0.17888380587100983,,
157,,22819,0.1491878628730774,,
157,,22829,0.4304029941558838,,
157,,22839,0.9057663679122925,,
157,,22849,0.18338225781917572,,
157,,22859,0.1637142300605774,,
157,,22869,0.2465476393699646,,
157,,22879,0.4061633050441742,,
157,,22889,0.2558736503124237,,
157,,22899,0.5433874726295471,,
157,,22909,0.5330390334129333,,
157,,22909,,0.3881341218948364,3.3108110427856445
,0.00010492249381215464,22910,,,
158,,22919,1.2084555625915527,,
158,,22929,0.36837008595466614,,
158,,22939,0.22902247309684753,,
158,,22949,0.8480783700942993,,
158,,22959,0.2442779839038849,,
158,,22969,0.19611023366451263,,
158,,22979,0.6372959017753601,,
158,,22989,0.796995997428894,,
158,,22999,0.5845547318458557,,
158,,23009,0.38938701152801514,,
158,,23019,0.28326886892318726,,
158,,23029,0.2885305881500244,,
158,,23039,0.37811148166656494,,
158,,23049,0.5234929919242859,,
158,,23054,,0.3871828317642212,3.3615024089813232
,0.00010015767075645457,23055,,,
159,,23059,0.14831529557704926,,
159,,23069,0.3220255374908447,,
159,,23079,0.3667258322238922,,
159,,23089,0.4777638614177704,,
159,,23099,0.2973400056362152,,
159,,23109,0.10808725655078888,,
159,,23119,0.40761253237724304,,
159,,23129,0.3362535834312439,,
159,,23139,0.4158618748188019,,
159,,23149,0.1958661824464798,,
159,,23159,0.10629064589738846,,
159,,23169,0.10948976129293442,,
159,,23179,0.7840067148208618,,
159,,23189,0.3360538184642792,,
159,,23199,0.5202258825302124,,
159,,23199,,0.38635221123695374,3.4131338596343994
,9.549150281252619e-05,23200,,,
160,,23209,0.3604787290096283,,
160,,23219,1.064976453781128,,
160,,23229,0.1527400016784668,,
160,,23239,0.2218053936958313,,
160,,23249,0.5769760012626648,,
160,,23259,0.28756868839263916,,
160,,23269,0.399900883436203,,
160,,23279,0.4562937021255493,,
160,,23289,0.5348814725875854,,
160,,23299,0.6199768781661987,,
160,,23309,0.8693422079086304,,
160,,23319,0.18211089074611664,,
160,,23329,0.4825829267501831,,
160,,23339,0.23379427194595337,,
160,,23344,,0.38666513562202454,3.363085985183716
,9.092514128748822e-05,23345,,,
161,,23349,0.14579036831855774,,
161,,23359,0.31778213381767273,,
161,,23369,0.3257913589477539,,
161,,23379,0.41056832671165466,,
161,,23389,0.6456345915794373,,
161,,23399,0.4780620336532593,,
161,,23409,0.29557985067367554,,
161,,23419,0.8081513047218323,,
161,,23429,0.30271321535110474,,
161,,23439,0.34456685185432434,,
161,,23449,0.18992741405963898,,
161,,23459,0.6025627255439758,,
161,,23469,0.12902863323688507,,
161,,23479,0.24554629623889923,,
161,,23489,0.4956929683685303,,
161,,23489,,0.38716477155685425,3.334287643432617
,8.645971286271902e-05,23490,,,
162,,23499,1.082710862159729,,
162,,23509,0.9662818312644958,,
162,,23519,0.21440550684928894,,
162,,23529,0.6038979291915894,,
162,,23539,0.059738434851169586,,
162,,23549,0.40761294960975647,,
162,,23559,0.3336606025695801,,
162,,23569,0.4611089825630188,,
162,,23579,0.7978725433349609,,
162,,23589,0.5479344129562378,,
162,,23599,0.506908118724823,,
162,,23609,0.15508350729942322,,
162,,23619,0.0921514481306076,,
162,,23629,0.8619247078895569,,
162,,23634,,0.3870237469673157,3.33424973487854
,8.209631931586485e-05,23635,,,
163,,23639,0.14521202445030212,,
163,,23649,0.5602139830589294,,
163,,23659,0.2979244589805603,,
163,,23669,0.4866809546947479,,
163,,23679,0.09222827851772308,,
163,,23689,0.48486852645874023,,
163,,23699,0.3367786705493927,,
163,,23709,0.08362769335508347,,
163,,23719,0.7365502119064331,,
163,,23729,0.02673828974366188,,
163,,23739,0.3471865653991699,,
163,,23749,0.15404203534126282,,
163,,23759,0.25258681178092957,,
163,,23769,0.10220733284950256,,
163,,23779,0.28075918555259705,,
163,,23779,,0.3873594105243683,3.297231912612915
,7.783603724899246e-05,23780,,,
164,,23789,0.4438362419605255,,
164,,23799,0.240472212433815,,
164,,23809,0.19893796741962433,,
164,,23819,0.5631292462348938,,
164,,23829,0.09635007381439209,,
164,,23839,0.2933371663093567,,
164,,23849,0.5700624585151672,,
164,,23859,0.32876163721084595,,
164,,23869,0.2918567359447479,,
164,,23879,1.0330631732940674,,
164,,23889,0.9108521342277527,,
164,,23899,0.2209365963935852,,
164,,23909,1.1421806812286377,,
164,,23919,0.2230740338563919,,
164,,23924,,0.3872518241405487,3.310479164123535
,7.367991782295392e-05,23925,,,
165,,23929,0.24872353672981262,,
165,,23939,0.14518849551677704,,
165,,23949,0.27508544921875,,
165,,23959,0.40174442529678345,,
165,,23969,0.5277485847473145,,
165,,23979,0.3957268297672272,,
165,,23989,0.2576891779899597,,
165,,23999,0.6880830526351929,,
165,,24009,0.7266759872436523,,
165,,24019,0.07530556619167328,,
165,,24029,0.7990570068359375,,
165,,24039,0.42875611782073975,,
165,,24049,0.37639373540878296,,
165,,24059,0.5143316984176636,,
165,,24069,0.4504559636116028,,
165,,24069,,0.38687723875045776,3.365159273147583
,6.962898649802802e-05,24070,,,
166,,24079,0.16085824370384216,,
166,,24089,0.21719709038734436,,
166,,24099,1.5742239952087402,,
166,,24109,0.5968872308731079,,
166,,24119,0.29149144887924194,,
166,,24129,0.3630136251449585,,
166,,24139,0.2167174220085144,,
166,,24149,0.3047841489315033,,
166,,24159,0.6804666519165039,,
166,,24169,0.06442207098007202,,
166,,24179,0.4255593419075012,,
166,,24189,0.10469740629196167,,
166,,24199,0.7460729479789734,,
166,,24209,0.3497565984725952,,
166,,24214,,0.3868466913700104,3.344860315322876
,6.568424278090424e-05,24215,,,
167,,24219,0.053181860595941544,,
167,,24229,0.2977153956890106,,
167,,24239,0.6176833510398865,,
167,,24249,0.44887202978134155,,
167,,24259,0.6176852583885193,,
167,,24269,0.41306784749031067,,
167,,24279,0.06117226183414459,,
167,,24289,0.15031102299690247,,
167,,24299,0.1912732720375061,,
167,,24309,0.8089845180511475,,
167,,24319,0.9188533425331116,,
167,,24329,0.22534552216529846,,
167,,24339,0.11502961814403534,,
167,,24349,0.2940196394920349,,
167,,24359,0.5015331506729126,,
167,,24359,,0.3863949775695801,3.390164613723755
,6.184665997806812e-05,24360,,,
168,,24369,0.6858804821968079,,
168,,24379,0.8737064003944397,,
168,,24389,0.10308851301670074,,
168,,24399,0.14929161965847015,,
168,,24409,0.2842670679092407,,
168,,24419,0.3824442923069,,
168,,24429,0.10404646396636963,,
168,,24439,0.4531007707118988,,
168,,24449,0.05647901073098183,,
168,,24459,0.4580530524253845,,
168,,24469,0.3259878158569336,,
168,,24479,1.0056562423706055,,
168,,24489,0.3298582136631012,,
168,,24499,0.3035430908203125,,
168,,24504,,0.3875868022441864,3.2899200916290283
,5.811718495565318e-05,24505,,,
169,,24509,0.03049337863922119,,
169,,24519,0.21248170733451843,,
169,,24529,0.5004054307937622,,
169,,24539,0.7873286008834839,,
169,,24549,0.29144078493118286,,
169,,24559,0.1806945502758026,,
169,,24569,0.19341114163398743,,
169,,24579,0.32614678144454956,,
169,,24589,0.4249274730682373,,
169,,24599,0.08180145919322968,,
169,,24609,1.019364833831787,,
169,,24619,0.23694677650928497,,
169,,24629,0.3448103666305542,,
169,,24639,0.3022851049900055,,
169,,24649,0.2602091431617737,,
169,,24649,,0.38769790530204773,3.3140816688537598
,5.449673790581603e-05,24650,,,
170,,24659,0.36154258251190186,,
170,,24669,0.2836731970310211,,
170,,24679,0.4557681381702423,,
170,,24689,0.6165730357170105,,
170,,24699,0.49222642183303833,,
170,,24709,0.8931781053543091,,
170,,24719,0.5815472602844238,,
170,,24729,0.6758754253387451,,
170,,24739,0.10269936919212341,,
170,,24749,1.075905203819275,,
170,,24759,0.11883866041898727,,
170,,24769,0.4207618832588196,,
170,,24779,0.29491835832595825,,
170,,24789,0.394525945186615,,
170,,24794,,0.3865525722503662,3.382781744003296
,5.098621211969216e-05,24795,,,
171,,24799,0.4873574376106262,,
171,,24809,0.30927008390426636,,
171,,24819,0.4993249177932739,,
171,,24829,0.08464331924915314,,
171,,24839,0.6117038726806641,,
171,,24849,0.5497528910636902,,
171,,24859,0.5237424373626709,,
171,,24869,0.28809231519699097,,
171,,24879,0.2815624475479126,,
171,,24889,0.5216186046600342,,
171,,24899,0.28608986735343933,,
171,,24909,0.20659315586090088,,
171,,24919,0.5728923082351685,,
171,,24929,0.37576183676719666,,
171,,24939,0.0007739331922493875,,
171,,24939,,0.387195348739624,3.3049509525299072
,4.7586473766990253e-05,24940,,,
172,,24949,0.22322669625282288,,
172,,24959,0.11144004762172699,,
172,,24969,0.4082656800746918,,
172,,24979,0.2951253354549408,,
172,,24989,0.2206588089466095,,
172,,24999,0.6300193071365356,,
172,,25009,0.11619970202445984,,
172,,25019,0.12546856701374054,,
172,,25029,0.3234076201915741,,
172,,25039,0.41098156571388245,,
172,,25049,0.8759428262710571,,
172,,25059,0.1317596435546875,,
172,,25069,0.024891484528779984,,
172,,25079,0.579739511013031,,
172,,25084,,0.3870753347873688,3.315234661102295
,4.4298361682277405e-05,25085,,,
173,,25089,1.0808110237121582,,
173,,25099,0.10964550077915192,,
173,,25109,0.192808136343956,,
173,,25119,0.672726035118103,,
173,,25129,1.1447319984436035,,
173,,25139,0.3377760052680969,,
173,,25149,1.2238417863845825,,
173,,25159,0.5978404879570007,,
173,,25169,0.14937461912631989,,
173,,25179,0.3553282618522644,,
173,,25189,0.4948980510234833,,
173,,25199,0.9060423374176025,,
173,,25209,0.91974937915802,,
173,,25219,0.23962947726249695,,
173,,25229,0.003305520163848996,,
173,,25229,,0.38698819279670715,3.3118104934692383
,4.1122687158009486e-05,25230,,,
174,,25239,0.30249524116516113,,
174,,25249,1.0697264671325684,,
174,,25259,0.32869359850883484,,
174,,25269,0.6606996655464172,,
174,,25279,0.3490881025791168,,
174,,25289,0.5977239012718201,,
174,,25299,0.10756231844425201,,
174,,25309,0.08808253705501556,,
174,,25319,0.26933348178863525,,
174,,25329,0.44030219316482544,,
174,,25339,0.5592607855796814,,
174,,25349,0.401908278465271,,
174,,25359,1.000162124633789,,
174,,25369,0.714189887046814,,
174,,25374,,0.38683801889419556,3.307767391204834
,3.8060233744356686e-05,25375,,,
175,,25379,0.9461308121681213,,
175,,25389,0.2803765535354614,,
175,,25399,0.47924959659576416,,
175,,25409,0.17118467390537262,,
175,,25419,0.5605166554450989,,
175,,25429,0.14829659461975098,,
175,,25439,0.6478289365768433,,
175,,25449,0.41432520747184753,,
175,,25459,0.1348596215248108,,
175,,25469,1.0537829399108887,,
175,,25479,0.2042120099067688,,
175,,25489,1.1087836027145386,,
175,,25499,0.39669257402420044,,
175,,25509,0.4944639801979065,,
175,,25519,0.500151515007019,,
175,,25519,,0.3869066536426544,3.3107516765594482
,3.511175705587427e-05,25520,,,
176,,25529,0.3788100779056549,,
176,,25539,0.055462587624788284,,
176,,25549,0.23076218366622925,,
176,,25559,0.5078832507133484,,
176,,25569,0.23805102705955505,,
176,,25579,0.4146178364753723,,
176,,25589,0.5670917630195618,,
176,,25599,0.387845903635025,,
176,,25609,0.20946946740150452,,
176,,25619,0.12947243452072144,,
176,,25629,0.5062338709831238,,
176,,25639,0.34766727685928345,,
176,,25649,0.1981901228427887,,
176,,25659,0.7958338260650635,,
176,,25664,,0.386294424533844,3.363996744155884
,3.2277984585066264e-05,25665,,,
177,,25669,0.3678230047225952,,
177,,25679,0.3873075544834137,,
177,,25689,1.619584321975708,,
177,,25699,0.4465130567550659,,
177,,25709,0.12446525692939758,,
177,,25719,0.3038448691368103,,
177,,25729,0.38349103927612305,,
177,,25739,0.40680649876594543,,
177,,25749,0.4189452826976776,,
177,,25759,0.5646045804023743,,
177,,25769,0.24344760179519653,,
177,,25779,0.5207420587539673,,
177,,25789,0.11539439111948013,,
177,,25799,0.21449580788612366,,
177,,25809,0.5517781376838684,,
177,,25809,,0.386564701795578,3.3221476078033447
,2.955961552288723e-05,25810,,,
178,,25819,1.3532848358154297,,
178,,25829,0.4778120517730713,,
178,,25839,0.8064112067222595,,
178,,25849,0.2046521157026291,,
178,,25859,0.34856489300727844,,
178,,25869,0.33130669593811035,,
178,,25879,0.37973862886428833,,
178,,25889,0.8550987243652344,,
178,,25899,0.07704247534275055,,
178,,25909,0.37243175506591797,,
178,,25919,0.4396868348121643,,
178,,25929,0.3327440321445465,,
178,,25939,0.09616358578205109,,
178,,25949,0.15878403186798096,,
178,,25954,,0.38680192828178406,3.3105242252349854
,2.6957320586227313e-05,25955,,,
179,,25959,0.8303143382072449,,
179,,25969,0.574684739112854,,
179,,25979,0.4183230996131897,,
179,,25989,0.20639555156230927,,
179,,25999,0.2038775384426117,,
179,,26009,0.30613595247268677,,
179,,26019,1.0533931255340576,,
179,,26029,0.26111161708831787,,
179,,26039,0.11183437705039978,,
179,,26049,0.1230173334479332,,
179,,26059,0.37827885150909424,,
179,,26069,0.0501408614218235,,
179,,26079,0.29270610213279724,,
179,,26089,0.13958565890789032,,
179,,26099,0.2896767258644104,,
179,,26099,,0.3868010640144348,3.3032586574554443
,2.44717418524232e-05,26100,,,
180,,26109,0.3790929317474365,,
180,,26119,0.6718779802322388,,
180,,26129,0.28277140855789185,,
180,,26139,0.5436477661132812,,
180,,26149,0.22352342307567596,,
180,,26159,0.37839698791503906,,
180,,26169,0.18545593321323395,,
180,,26179,0.7603271007537842,,
180,,26189,0.383811354637146,,
180,,26199,0.2724776566028595,,
180,,26209,0.41169273853302,,
180,,26219,0.2267659306526184,,
180,,26229,0.21962764859199524,,
180,,26239,0.27529671788215637,,
180,,26244,,0.38671204447746277,3.3115384578704834
,2.210349260083491e-05,26245,,,
181,,26249,0.3669658303260803,,
181,,26259,0.2883787453174591,,
181,,26269,0.33141759037971497,,
181,,26279,0.36101722717285156,,
181,,26289,0.17454829812049866,,
181,,26299,0.19321347773075104,,
181,,26309,0.913867712020874,,
181,,26319,0.35182809829711914,,
181,,26329,0.21698763966560364,,
181,,26339,0.5041713118553162,,
181,,26349,0.15853404998779297,,
181,,26359,0.7976679801940918,,
181,,26369,0.8251447677612305,,
181,,26379,0.44871169328689575,,
181,,26389,0.015730513259768486,,
181,,26389,,0.3866369426250458,3.3174002170562744
,1.9853157161528496e-05,26390,,,
182,,26399,0.1832961142063141,,
182,,26409,0.7677445411682129,,
182,,26419,0.18729303777217865,,
182,,26429,0.6896653175354004,,
182,,26439,0.389518141746521,,
182,,26449,0.8371549844741821,,
182,,26459,0.059038370847702026,,
182,,26469,0.2407667338848114,,
182,,26479,0.24430087208747864,,
182,,26489,0.21284669637680054,,
182,,26499,0.7663227915763855,,
182,,26509,0.6786341071128845,,
182,,26519,0.8409786224365234,,
182,,26529,0.7887046337127686,,
182,,26534,,0.38645410537719727,3.3340559005737305
,1.7721290771100992e-05,26535,,,
183,,26539,0.3884979784488678,,
183,,26549,1.579329252243042,,
183,,26559,0.3106011152267456,,
183,,26569,0.8194012641906738,,
183,,26579,0.1511380672454834,,
183,,26589,0.5418083667755127,,
183,,26599,0.26886558532714844,,
183,,26609,0.6474966406822205,,
183,,26619,0.18854846060276031,,
183,,26629,0.24518746137619019,,
183,,26639,0.3232192099094391,,
183,,26649,0.17635463178157806,,
183,,26659,0.14347222447395325,,
183,,26669,0.3806796073913574,,
183,,26679,0.034911271184682846,,
183,,26679,,0.38621920347213745,3.3628931045532227
,1.5708419435684497e-05,26680,,,
184,,26689,0.448403924703598,,
184,,26699,0.5033783316612244,,
184,,26709,0.17090462148189545,,
184,,26719,0.9462767839431763,,
184,,26729,0.3469567596912384,,
184,,26739,0.3719666600227356,,
184,,26749,0.4177638292312622,,
184,,26759,0.1423153132200241,,
184,,26769,0.7155506610870361,,
184,,26779,0.10048365592956543,,
184,,26789,0.6215554475784302,,
184,,26799,0.6903344988822937,,
184,,26809,0.44597047567367554,,
184,,26819,0.13002294301986694,,
184,,26824,,0.3861762285232544,3.3628718852996826
,1.3815039801161704e-05,26825,,,
185,,26829,0.13124284148216248,,
185,,26839,0.05693816393613815,,
185,,26849,0.105927012860775,,
185,,26859,0.5966916084289551,,
185,,26869,0.5786983370780945,,
185,,26879,0.234371155500412,,
185,,26889,0.7347054481506348,,
185,,26899,0.1670008897781372,,
185,,26909,0.40151864290237427,,
185,,26919,0.602682888507843,,
185,,26929,0.27907609939575195,,
185,,26939,0.35196220874786377,,
185,,26949,0.0674072653055191,,
185,,26959,0.1667305827140808,,
185,,26969,0.3243166506290436,,
185,,26969,,0.38641098141670227,3.3340065479278564
,1.2041619030626323e-05,26970,,,
186,,26979,0.27320531010627747,,
186,,26989,0.9421096444129944,,
186,,26999,0.35280150175094604,,
186,,27009,0.45304107666015625,,
186,,27019,0.18337996304035187,,
186,,27029,0.37670373916625977,,
186,,27039,0.40284544229507446,,
186,,27049,0.2694130539894104,,
186,,27059,0.6755290031433105,,
186,,27069,0.1939813494682312,,
186,,27079,0.1657833456993103,,
186,,27089,0.21917223930358887,,
186,,27099,0.2319868505001068,,
186,,27109,0.517943263053894,,
186,,27114,,0.3864491879940033,3.331897735595703
,1.0388594689117057e-05,27115,,,
187,,27119,0.28302139043807983,,
187,,27129,0.2538265883922577,,
187,,27139,0.18860717117786407,,
187,,27149,0.33608174324035645,,
187,,27159,0.24540773034095764,,
187,,27169,0.2709431052207947,,
187,,27179,0.32494765520095825,,
187,,27189,0.6802797913551331,,
187,,27199,1.025071144104004,,
187,,27209,0.07317470014095306,,
187,,27219,0.3703438937664032,,
187,,27229,1.2903287410736084,,
187,,27239,0.3143799901008606,,
187,,27249,0.2777159810066223,,
187,,27259,0.09407547116279602,,
187,,27259,,0.38653653860092163,3.3246262073516846
,8.856374635655629e-06,27260,,,
188,,27269,0.24347379803657532,,
188,,27279,0.7752084136009216,,
188,,27289,0.2379576563835144,,
188,,27299,0.3380700349807739,,
188,,27309,0.6124670505523682,,
188,,27319,0.2360764443874359,,
188,,27329,0.08088846504688263,,
188,,27339,0.3347775936126709,,
188,,27349,0.3460899591445923,,
188,,27359,0.3529583811759949,,
188,,27369,0.18047459423542023,,
188,,27379,0.16627894341945648,,
188,,27389,0.2918107807636261,,
188,,27399,0.4215872287750244,,
188,,27404,,0.3865842819213867,3.3148534297943115
,7.445336922613057e-06,27405,,,
189,,27409,0.22765234112739563,,
189,,27419,0.15688523650169373,,
189,,27429,0.5713194608688354,,
189,,27439,0.4949458837509155,,
189,,27449,0.40967920422554016,,
189,,27459,0.14470338821411133,,
189,,27469,0.35505983233451843,,
189,,27479,0.75511234998703,,
189,,27489,0.3219779133796692,,
189,,27499,0.291405588388443,,
189,,27509,0.7724969387054443,,
189,,27519,0.18123549222946167,,
189,,27529,0.1682426780462265,,
189,,27539,0.48433780670166016,,
189,,27549,0.794893205165863,,
189,,27549,,0.38665032386779785,3.309835910797119
,6.155829702431163e-06,27550,,,
190,,27559,0.0545225664973259,,
190,,27569,0.5191220641136169,,
190,,27579,0.42622119188308716,,
190,,27589,0.8400272130966187,,
190,,27599,0.11522699892520905,,
190,,27609,0.33993759751319885,,
190,,27619,0.25858035683631897,,
190,,27629,0.8353514671325684,,
190,,27639,0.2778821885585785,,
190,,27649,0.7617480158805847,,
190,,27659,0.2754368782043457,,
190,,27669,0.37042343616485596,,
190,,27679,0.2824048399925232,,
190,,27689,0.3421860933303833,,
190,,27694,,0.3865605592727661,3.317138433456421
,4.988171141721226e-06,27695,,,
191,,27699,0.3135949373245239,,
191,,27709,0.6329483985900879,,
191,,27719,0.6629769802093506,,
191,,27729,0.08924271911382675,,
191,,27739,0.3711053729057312,,
191,,27749,0.09037138521671295,,
191,,27759,0.24145112931728363,,
191,,27769,0.7268408536911011,,
191,,27779,0.29050523042678833,,
191,,27789,0.4730371832847595,,
191,,27799,0.1561025083065033,,
191,,27809,0.38076117634773254,,
191,,27819,0.6683734059333801,,
191,,27829,0.1304047852754593,,
191,,27839,0.10368054360151291,,
191,,27839,,0.38656115531921387,3.316124677658081
,3.942649342761113e-06,27840,,,
192,,27849,0.35273808240890503,,
192,,27859,0.25043249130249023,,
192,,27869,0.5780664682388306,,
192,,27879,0.040245529264211655,,
192,,27889,0.1862369030714035,,
192,,27899,0.3562161922454834,,
192,,27909,0.782597541809082,,
192,,27919,0.18331846594810486,,
192,,27929,0.2517787218093872,,
192,,27939,0.6826042532920837,,
192,,27949,0.6811487674713135,,
192,,27959,0.1807790845632553,,
192,,27969,0.28721070289611816,,
192,,27979,0.3739241659641266,,
192,,27984,,0.38658276200294495,3.3139448165893555
,3.0195222724101985e-06,27985,,,
193,,27989,0.39173424243927,,
193,,27999,0.30298036336898804,,
193,,28009,0.8003852367401123,,
193,,28019,0.20069043338298798,,
193,,28029,0.29073211550712585,,
193,,28039,0.14906573295593262,,
193,,28049,0.2705172896385193,,
193,,28059,0.46672987937927246,,
193,,28069,0.6318881511688232,,
193,,28079,0.3544846475124359,,
193,,28089,0.1922217607498169,,
193,,28099,0.37804892659187317,,
193,,28109,0.16619423031806946,,
193,,28119,0.48156365752220154,,
193,,28129,0.12207398563623428,,
193,,28129,,0.3865063786506653,3.3198227882385254
,2.219017698459999e-06,28130,,,
194,,28139,0.7572941780090332,,
194,,28149,0.3370755910873413,,
194,,28159,0.2334899604320526,,
194,,28169,0.3125208020210266,,
194,,28179,0.5908834338188171,,
194,,28189,0.08115595579147339,,
194,,28199,0.39896059036254883,,
194,,28209,0.6417233943939209,,
194,,28219,0.24879677593708038,,
194,,28229,0.22661744058132172,,
194,,28239,0.3726762533187866,,
194,,28249,0.24999237060546875,,
194,,28259,0.3191085159778595,,
194,,28269,0.7819058299064636,,
194,,28274,,0.3865313231945038,3.3175435066223145
,1.5413331334360161e-06,28275,,,
195,,28279,0.11601145565509796,,
195,,28289,0.3148823380470276,,
195,,28299,0.28037649393081665,,
195,,28309,0.47247350215911865,,
195,,28319,0.10770677030086517,,
195,,28329,0.8501549959182739,,
195,,28339,0.44946596026420593,,
195,,28349,0.27649134397506714,,
195,,28359,0.6644827127456665,,
195,,28369,0.15585848689079285,,
195,,28379,0.025679325684905052,,
195,,28389,1.082493782043457,,
195,,28399,0.2890928387641907,,
195,,28409,0.24302875995635986,,
195,,28419,0.04552236571907997,,
195,,28419,,0.3865335285663605,3.3173468112945557
,9.866357858642194e-07,28420,,,
196,,28429,0.25996077060699463,,
196,,28439,0.211347758769989,,
196,,28449,0.0752825140953064,,
196,,28459,0.11324305832386017,,
196,,28469,0.1272517442703247,,
196,,28479,0.1639941930770874,,
196,,28489,0.09818500280380249,,
196,,28499,0.08742944151163101,,
196,,28509,0.13558314740657806,,
196,,28519,0.25756123661994934,,
196,,28529,0.2943342924118042,,
196,,28539,0.534173846244812,,
196,,28549,0.19546161592006683,,
196,,28559,0.6243065595626831,,
196,,28564,,0.3865279257297516,3.3177902698516846
,5.550625190150475e-07,28565,,,
197,,28569,0.2771652638912201,,
197,,28579,0.3795784115791321,,
197,,28589,0.709611713886261,,
197,,28599,0.2269337922334671,,
197,,28609,0.10020393133163452,,
197,,28619,0.04505183920264244,,
197,,28629,0.3820036053657532,,
197,,28639,0.19401386380195618,,
197,,28649,0.9296769499778748,,
197,,28659,0.4331117868423462,,
197,,28669,0.26852381229400635,,
197,,28679,0.10508222877979279,,
197,,28689,0.23884835839271545,,
197,,28699,0.3160927891731262,,
197,,28709,1.0315816402435303,,
197,,28709,,0.38652166724205017,3.318108320236206
,2.4671981713419966e-07,28710,,,
198,,28719,0.25123292207717896,,
198,,28729,0.5573948621749878,,
198,,28739,0.34804269671440125,,
198,,28749,0.2131580412387848,,
198,,28759,0.2601010799407959,,
198,,28769,0.3832467496395111,,
198,,28779,0.20727568864822388,,
198,,28789,0.7375019788742065,,
198,,28799,0.6666613817214966,,
198,,28809,0.40512698888778687,,
198,,28819,0.25573498010635376,,
198,,28829,0.2617623805999756,,
198,,28839,0.16494636237621307,,
198,,28849,0.6969662308692932,,
198,,28854,,0.3865317404270172,3.3172190189361572
